listing_id,available_date,available,price,minimum_nights,maximum_nights
2482916,2020/10/21,f,500,1,1125
2483752,2020/10/20,f,225,1,1125
2488935,2020/10/20,f,650,3,14
2489487,2020/10/24,f,775,1,1125
2489196,2020/10/24,f,95,2,10
2492407,2020/10/20,f,120,2,20
2493870,2020/10/22,t,450,4,1125
2493385,2020/10/20,t,400,2,1125
2496308,2020/10/20,f,100,2,10
2499077,2020/10/21,t,150,1,1125
2498866,2020/10/22,t,275,1,1125
2500385,2020/10/20,f,65,1,1125
2501144,2020/10/22,f,100,1,14
2501145,2020/10/23,t,200,1,1125
2501888,2020/10/21,t,88,1,14
2509594,2020/10/20,f,400,1,6
2502431,2020/10/20,f,175,2,1125
2502288,2020/10/24,f,115,2,14
2512706,2020/10/22,f,200,1,1125
2516299,2020/10/23,f,185,2,5
2514966,2020/10/22,f,999,1,1125
2519952,2020/10/20,f,200,1,1125
2521310,2020/10/20,f,225,1,1125
2521003,2020/10/20,t,125,2,5
2526099,2020/10/22,f,180,1,5
2524101,2020/10/20,f,59,1,100
2521443,2020/10/22,f,165,28,60
2528829,2020/10/22,t,300,1,1125
2528473,2020/10/21,f,65,1,1125
2529203,2020/10/20,f,198,2,1125
2546012,2020/10/22,f,83,30,1125
2546818,2020/10/20,f,73,3,90
2551278,2020/10/22,f,70,1,1125
2553977,2020/10/20,f,120,3,1125
2556255,2020/10/22,f,180,1,1125
2592427,2020/10/20,t,75,1,100
2594010,2020/10/20,f,89,2,1125
2650844,2020/10/23,f,440,3,1125
2639623,2020/10/21,f,119,2,60
2657000,2020/10/22,f,70,30,1125
2665394,2020/10/20,f,155,14,300
2663425,2020/10/20,f,899,3,1125
2677765,2020/10/20,f,119,2,7
2708067,2020/10/20,f,250,3,1125
2665977,2020/10/21,t,90,2,7
2723009,2020/10/20,f,500,2,14
2716088,2020/10/21,f,150,2,1125
2736478,2020/10/20,f,120,7,180
2774094,2020/10/20,f,125,2,1125
2746300,2020/10/24,f,70,14,1125
2832008,2020/10/20,f,160,3,1125
2832087,2020/10/20,f,170,2,1125
2855422,2020/10/20,f,120,2,1125
2855712,2020/10/22,f,165,,
2885662,2020/10/20,f,1000,3,1125
2867059,2020/10/22,f,62,2,1125
2902979,2020/10/20,f,175,1,365
2924714,2020/10/22,f,150,2,1125
2914322,2020/10/22,f,500,3,5
2964193,2020/10/20,f,375,2,1125
2926708,2020/10/20,f,1200,2,1125
2979070,2020/10/22,t,150,1,1125
2967072,2020/10/22,f,425,3,1125
2979222,2020/10/22,f,260,,
2984602,2020/10/20,f,139,2,1125
2989481,2020/10/20,f,179,2,1125
2989235,2020/10/20,f,200,2,10
2992224,2020/10/22,f,145,,
2989616,2020/10/21,f,35,30,90
3013429,2020/10/24,t,796,1,1125
3028269,2020/10/20,f,60,1,7
2994424,2020/10/22,f,169,2,1125
3032156,2020/10/20,f,175,2,1125
3053308,2020/10/20,f,48,30,1125
3091862,2020/10/22,f,525,3,1125
3104453,2020/10/20,t,131,1,365
3104715,2020/10/20,t,118,1,365
3124593,2020/10/22,t,650,,
3122479,2020/10/22,t,363,1,365
3125271,2020/10/22,f,250,2,4
3151369,2020/10/20,t,149,1,1125
3130995,2020/10/24,t,222,2,1125
3154788,2020/10/20,t,105,30,1125
3158012,2020/10/20,f,75,30,1125
3214547,2020/10/22,t,700,3,1125
3163510,2020/10/22,t,78,1,1125
3225770,2020/10/20,f,176,30,120
3229143,2020/10/20,f,160,3,1125
3230604,2020/10/20,f,149,1,1125
3271751,2020/10/24,f,89,5,330
3271554,2020/10/20,f,57,31,180
3281553,2020/10/22,f,349,2,60
3294079,2020/10/20,f,85,3,1125
3294395,2020/10/20,f,199,1,1125
3294758,2020/10/20,f,108,2,40
3349126,2020/10/20,f,119,1,365
3349943,2020/10/24,f,249,1,365
3349679,2020/10/22,t,202,1,365
3353855,2020/10/24,f,35,1,32
3386939,2020/10/22,f,113,1,1125
3404974,2020/10/21,f,129,2,30
3416245,2020/10/21,f,175,2,90
3424259,2020/10/20,t,63,1,1125
3441118,2020/10/20,f,380,30,30
3432804,2020/10/24,f,600,3,1125
3475010,2020/10/20,f,109,1,1125
3478000,2020/10/22,f,159,2,1125
3495822,2020/10/22,f,55,1,10
3504013,2020/10/22,f,115,31,1125
3534046,2020/10/20,f,64,19,1125
3513732,2020/10/20,f,215,1,1125
3539813,2020/10/20,f,115,2,11
3539968,2020/10/20,f,100,3,1125
3543315,2020/10/20,f,500,1,1125
3543410,2020/10/20,f,81,2,1125
3548997,2020/10/20,t,117,1,365
3549443,2020/10/20,t,119,1,365
3543027,2020/10/20,f,750,2,21
3549253,2020/10/24,f,228,1,365
3594213,2020/10/23,f,150,30,1125
3609272,2020/10/20,t,118,1,365
3603024,2020/10/20,t,89,1,30
3613678,2020/10/20,f,200,2,1125
3615030,2020/10/22,t,599,1,1125
3629021,2020/10/22,f,65,68,1125
3637181,2020/10/22,f,150,30,1125
3649811,2020/10/20,t,385,1,1125
3667392,2020/10/20,f,174,1,365
3655306,2020/10/20,f,175,2,1125
3689085,2020/10/22,f,99,2,1125
3720498,2020/10/20,f,400,1,5
3781742,2020/10/20,f,250,3,3
3757576,2020/10/20,f,450,2,14
3791735,2020/10/20,f,150,2,60
3791074,2020/10/22,f,400,1,7
3801572,2020/10/22,f,53,2,1125
3802304,2020/10/20,t,155,2,1125
3828619,2020/10/20,f,36,2,1125
3840726,2020/10/21,t,149,2,28
3831262,2020/10/20,f,59,1,1125
3862246,2020/10/20,t,28,1,2
3868266,2020/10/20,f,60,30,356
3876436,2020/10/22,f,200,1,1125
3875997,2020/10/22,f,289,3,14
3882146,2020/10/20,f,99,30,1125
3883966,2020/10/22,f,999,2,7
3882984,2020/10/20,f,57,90,1125
3904915,2020/10/20,f,120,7,1125
3893861,2020/10/21,f,45,30,90
3905528,2020/10/20,t,300,1,4
3911693,2020/10/24,f,95,30,1125
3913413,2020/10/20,f,100,2,1125
3916923,2020/10/22,f,1600,2,1124
3916583,2020/10/22,f,150,2,1125
3928248,2020/10/21,f,38,5,1125
3939734,2020/10/20,f,75,1,1125
3931350,2020/10/20,f,250,1,1125
3946696,2020/10/22,f,123,3,1125
3947145,2020/10/20,f,95,1,9
3959242,2020/10/20,f,150,2,1125
3958601,2020/10/24,t,444,2,1125
202753,2020/10/20,f,175,3,14
207054,2020/10/22,f,135,2,1125
208897,2020/10/20,f,189,2,1125
219168,2020/10/22,f,250,2,60
221451,2020/10/20,f,75,1,365
222967,2020/10/20,f,185,4,60
222986,2020/10/20,f,500,4,90
224603,2020/10/22,f,105,28,365
227372,2020/10/22,f,295,1,1125
228217,2020/10/22,t,350,4,14
233930,2020/10/24,f,181,5,365
237705,2020/10/20,f,135,1,15
238657,2020/10/20,t,150,2,760
240541,2020/10/22,f,39,1,6
248515,2020/10/20,f,150,2,90
247770,2020/10/20,f,175,2,75
3961373,2020/10/22,f,75,5,1125
271052,2020/10/24,t,350,3,365
2265,2020/10/20,f,170,7,180
5245,2020/10/20,f,100,30,60
4311590,2020/10/20,f,150,1,1125
3979017,2020/10/22,f,72,,
5456,2020/10/20,f,89,2,90
3979249,2020/10/22,t,500,1,1125
4330057,2020/10/20,f,350,2,1125
5636,2020/10/20,f,46,30,90
3988298,2020/10/20,t,80,1,1125
4333425,2020/10/22,f,275,2,1125
5769,2020/10/21,f,39,1,14
6413,2020/10/20,f,99,30,1125
4340903,2020/10/22,f,42,2,1125
4341443,2020/10/21,f,45,30,1125
6448,2020/10/20,f,139,3,1125
3999345,2020/10/20,f,1250,2,10
4341467,2020/10/20,t,1100,1,1125
21126,2020/10/20,f,169,1,365
4347022,2020/10/20,f,1000,1,1125
3999556,2020/10/20,f,350,3,1125
4351493,2020/10/22,t,180,3,1125
4356661,2020/10/20,f,75,1,1125
22166,2020/10/20,f,150,30,365
4358441,2020/10/22,f,150,,
22828,2020/10/20,f,50,31,365
22982,2020/10/20,f,125,2,1125
4378321,2020/10/20,f,250,1,1125
4385481,2020/10/20,f,550,1,1125
4012735,2020/10/22,f,50,4,1125
25028,2020/10/24,f,117,7,365
4402297,2020/10/23,f,250,2,1125
4403398,2020/10/20,t,125,2,1125
4403427,2020/10/20,t,125,2,1125
32396,2020/10/20,f,55,1,7
4013309,2020/10/20,t,137,2,1125
4417363,2020/10/20,f,79,2,1125
37324,2020/10/22,f,35,30,730
39993,2020/10/20,f,59,2,14
4013329,2020/10/24,f,122,1,1125
4431533,2020/10/21,f,389,4,1125
40285,2020/10/21,t,350,2,30
4014472,2020/10/20,f,122,2,1125
4435703,2020/10/22,f,160,1,1125
46929,2020/10/20,f,89,2,1125
4025723,2020/10/20,f,109,2,90
4441722,2020/10/24,f,120,2,1125
4030864,2020/10/20,f,200,2,1125
47572,2020/10/20,f,34,30,180
4032235,2020/10/20,f,265,1,1125
50318,2020/10/22,f,130,30,1125
56690,2020/10/20,f,150,2,1125
4036932,2020/10/22,f,145,2,1125
57187,2020/10/22,f,73,1,15
4446513,2020/10/20,t,600,1,1125
68130,2020/10/20,t,51,2,1125
69303,2020/10/20,f,149,1,90
4452791,2020/10/22,t,125,2,1125
4453016,2020/10/22,t,110,2,1125
4461416,2020/10/20,f,199,2,1125
4464432,2020/10/22,f,299,3,1125
69352,2020/10/22,f,159,2,45
69810,2020/10/20,f,110,2,1125
70258,2020/10/20,t,225,2,28
70812,2020/10/20,f,150,2,1125
4037342,2020/10/22,f,95,2,90
4479218,2020/10/22,f,500,3,1125
72318,2020/10/22,f,225,3,300
4481798,2020/10/20,f,1500,5,14
4495324,2020/10/20,f,250,1,1125
72633,2020/10/22,f,470,2,14
72833,2020/10/20,f,85,3,1125
4508376,2020/10/20,t,1500,2,29
72876,2020/10/20,f,49,3,100
4037944,2020/10/20,f,249,2,1125
4516994,2020/10/22,f,170,2,1125
73005,2020/10/22,f,230,2,1125
73289,2020/10/20,f,112,30,1125
4040064,2020/10/22,f,495,4,1125
4538217,2020/10/20,f,10000,30,900
74318,2020/10/20,f,90,2,1825
75174,2020/10/20,f,125,2,1125
4545175,2020/10/22,f,162,,
4046196,2020/10/20,f,50,1,15
4573192,2020/10/20,f,200,30,1125
4047192,2020/10/20,f,229,1,1125
4580330,2020/10/20,f,400,3,1125
75957,2020/10/24,t,98,2,10
4047344,2020/10/22,f,104,4,1125
4588823,2020/10/20,t,238,2,1125
4596762,2020/10/20,f,120,1,1125
76497,2020/10/20,f,170,2,1125
4047528,2020/10/24,f,241,4,1125
4613275,2020/10/21,f,1200,1,1125
4622156,2020/10/20,t,350,3,1125
76501,2020/10/20,f,100,2,365
4050950,2020/10/22,t,70,1,365
4628659,2020/10/20,t,125,2,45
76911,2020/10/22,f,620,2,1125
4053713,2020/10/20,f,299,2,1125
76925,2020/10/20,f,400,2,8
4645766,2020/10/20,f,139,2,1125
76996,2020/10/20,f,80,20,360
4054044,2020/10/23,f,148,2,1125
4662867,2020/10/21,t,65,1,1125
77635,2020/10/22,f,175,2,1125
77639,2020/10/22,f,149,2,730
4663369,2020/10/22,f,130,2,1125
77998,2020/10/22,f,190,2,1125
4060699,2020/10/20,f,79,2,1125
4678565,2020/10/22,f,399,120,1125
78035,2020/10/20,f,750,3,60
4719452,2020/10/20,f,45,2,14
4066631,2020/10/20,f,225,1,120
78127,2020/10/22,f,240,1,7
4719663,2020/10/22,f,99,6,1125
4734283,2020/10/21,t,240,2,14
4067158,2020/10/20,f,149,3,1125
78422,2020/10/20,f,65,1,10
78757,2020/10/20,f,125,2,365
4742900,2020/10/20,f,599,60,1125
4067897,2020/10/22,f,189,2,365
78831,2020/10/22,f,109,2,14
4756372,2020/10/22,t,685,4,90
4076557,2020/10/22,f,125,2,1125
78884,2020/10/20,f,80,2,1125
4759081,2020/10/20,f,130,2,1125
79100,2020/10/24,f,125,4,1125
4764568,2020/10/24,f,498,2,7
79432,2020/10/20,t,119,30,45
79603,2020/10/20,f,150,2,15
4766360,2020/10/20,f,95,2,10
4077459,2020/10/20,f,150,30,352
4775925,2020/10/21,t,105,183,1125
79768,2020/10/20,f,225,4,30
4078567,2020/10/22,f,2100,3,1125
80725,2020/10/20,f,150,30,1125
4776659,2020/10/20,f,279,2,62
82033,2020/10/20,t,400,1,30
4795682,2020/10/22,f,75,3,365
4082265,2020/10/20,f,384,4,390
4808400,2020/10/22,f,300,2,365
83643,2020/10/20,f,47,2,14
84771,2020/10/20,f,81,2,30
4809429,2020/10/22,f,150,1,1125
4085163,2020/10/20,f,893,2,1125
89475,2020/10/22,f,329,30,365
4814446,2020/10/22,f,375,2,1125
104386,2020/10/20,f,70,31,180
4085926,2020/10/24,f,390,4,1125
4815071,2020/10/20,f,600,3,1125
109005,2020/10/20,f,78,3,1125
4091409,2020/10/20,t,129,2,1125
113779,2020/10/22,f,119,5,365
4820267,2020/10/22,f,155,3,500
113791,2020/10/22,f,60,30,365
4821958,2020/10/23,f,225,3,1125
4824833,2020/10/20,f,90,1,12
4092112,2020/10/20,f,97,1,1125
116014,2020/10/23,f,259,1,15
4839691,2020/10/22,f,600,4,1125
128326,2020/10/22,t,295,3,365
4095705,2020/10/22,f,120,,
140474,2020/10/20,f,136,5,365
4848222,2020/10/20,f,100,1,1125
140504,2020/10/20,f,119,5,365
4849820,2020/10/20,f,70,3,120
4102866,2020/10/20,f,375,2,1125
141550,2020/10/20,f,92,1,1125
4855450,2020/10/20,f,480,3,14
4103988,2020/10/20,f,600,2,1125
145210,2020/10/20,f,99,3,365
4856743,2020/10/22,f,104,2,1125
4112403,2020/10/22,f,189,2,30
4871772,2020/10/22,f,30,14,30
4117663,2020/10/22,f,400,2,3
154103,2020/10/24,f,450,3,60
4117827,2020/10/22,f,300,1,1125
4871898,2020/10/20,f,450,2,1125
155359,2020/10/20,f,90,90,1125
4881360,2020/10/22,f,833,2,1125
158398,2020/10/22,f,799,3,1125
4886509,2020/10/20,f,400,4,1125
166561,2020/10/20,f,79,2,45
4121482,2020/10/20,f,200,2,1115
4886987,2020/10/20,t,125,5,1125
167459,2020/10/21,f,800,3,14
4900223,2020/10/24,f,90,5,1125
4121676,2020/10/22,t,239,4,1125
172104,2020/10/22,f,75,3,14
4901443,2020/10/20,f,185,3,60
4134923,2020/10/20,f,135,7,25
174828,2020/10/20,f,239,2,365
184853,2020/10/22,f,150,30,730
4137101,2020/10/20,f,125,5,9
4905837,2020/10/20,f,150,1,1125
4906733,2020/10/20,f,57,2,1125
195674,2020/10/22,t,750,2,30
4141322,2020/10/20,f,150,1,1125
202187,2020/10/22,f,61,1,1125
4914582,2020/10/20,f,119,2,1125
5084388,2020/10/20,f,700,1,1125
4144319,2020/10/24,f,30,1,7
4931574,2020/10/24,f,399,2,1125
5085831,2020/10/22,f,449,3,1125
5086211,2020/10/22,f,91,3,180
4145599,2020/10/20,f,85,2,1125
4932506,2020/10/22,f,50,1,1125
5086356,2020/10/22,f,350,4,1125
4936914,2020/10/20,t,250,3,15
5090933,2020/10/20,f,795,2,30
4941458,2020/10/22,t,85,2,1125
5094445,2020/10/20,f,144,2,14
4148428,2020/10/20,t,450,1,1125
4942407,2020/10/22,f,60,30,120
4943050,2020/10/22,f,1350,1,1125
5102612,2020/10/22,t,500,1,1125
5103926,2020/10/20,f,225,3,30
4947590,2020/10/22,f,125,5,7
4948909,2020/10/23,f,500,90,365
5104248,2020/10/20,f,325,45,365
4150237,2020/10/22,f,650,1,1125
4955455,2020/10/20,t,95,2,1125
4151136,2020/10/20,f,50,1,14
5105066,2020/10/24,f,185,2,1125
4957726,2020/10/20,t,1099,1,30
4966325,2020/10/20,f,200,3,1125
5105770,2020/10/20,f,170,2,1125
4966926,2020/10/20,f,80,1,1125
4967450,2020/10/20,f,995,3,1125
4974255,2020/10/20,f,69,2,28
5106886,2020/10/22,f,400,3,1125
4151271,2020/10/20,f,136,2,90
5113279,2020/10/22,f,500,1,1125
4991727,2020/10/22,f,699,2,1125
5116645,2020/10/24,f,150,2,1125
4154464,2020/10/20,f,89,2,30
4994857,2020/10/20,f,250,2,30
5116729,2020/10/20,f,60,2,5
4998371,2020/10/20,f,99,15,35
5122138,2020/10/20,f,200,3,1125
4156208,2020/10/22,f,750,83,1125
5001074,2020/10/20,f,98,3,180
5122450,2020/10/22,f,175,3,1125
5122828,2020/10/20,f,3200,1,1125
5006191,2020/10/22,f,350,1,30
5123540,2020/10/20,f,895,3,7
5006217,2020/10/20,t,400,1,1125
4163685,2020/10/20,f,80,1,1125
5124417,2020/10/20,f,200,3,21
5007355,2020/10/20,f,61,1,60
5126439,2020/10/22,f,500,1,12
5011681,2020/10/22,f,130,3,1125
4164084,2020/10/20,f,99,2,90
5126932,2020/10/20,t,69,1,1125
5013929,2020/10/24,f,499,3,7
4164781,2020/10/20,t,99,2,1125
5132083,2020/10/20,f,85,28,28
5018747,2020/10/20,t,600,3,11
5136870,2020/10/20,f,900,4,18
5020354,2020/10/22,t,179,,
4171527,2020/10/24,f,250,2,1125
5148991,2020/10/20,f,175,3,1125
5153200,2020/10/20,f,199,2,1125
5021987,2020/10/20,f,125,4,1125
5154179,2020/10/20,f,40,1,1125
5022086,2020/10/20,f,500,4,30
4171708,2020/10/20,f,90,1,1125
5024067,2020/10/23,f,95,2,1125
5162827,2020/10/20,f,375,3,14
5028301,2020/10/20,f,225,1,1125
5164038,2020/10/20,f,45,5,1125
4171932,2020/10/20,f,98,2,14
5031470,2020/10/22,f,275,2,1125
5169702,2020/10/20,f,50,1,80
4172577,2020/10/20,f,150,3,30
5037417,2020/10/20,f,347,30,1125
5037508,2020/10/21,f,65,1,1125
5172784,2020/10/20,f,450,2,1125
4174180,2020/10/20,f,125,7,28
5173181,2020/10/20,t,79,2,180
5179186,2020/10/21,t,130,1,14
5046776,2020/10/20,t,2100,2,30
4174762,2020/10/22,f,538,2,365
5047200,2020/10/20,f,436,2,1125
5192062,2020/10/22,f,450,3,1125
4174892,2020/10/24,f,368,1,365
5047878,2020/10/20,f,545,1,1125
5194094,2020/10/22,f,700,1,1125
5194948,2020/10/22,f,110,30,1125
4179345,2020/10/22,f,300,,
5049688,2020/10/20,f,200,2,1125
5195335,2020/10/22,f,60,,
5050692,2020/10/20,t,105,2,1125
5051186,2020/10/20,f,600,2,1125
5195484,2020/10/20,f,304,2,1125
4182298,2020/10/24,f,250,1,1125
5200329,2020/10/20,f,75,2,30
5060912,2020/10/22,t,386,2,1125
5067130,2020/10/22,f,190,,
5200720,2020/10/24,f,550,1,1125
5077502,2020/10/22,f,169,,
5205243,2020/10/20,f,140,2,14
5205396,2020/10/20,f,110,2,1125
5078787,2020/10/20,f,175,2,23
5081777,2020/10/20,f,50,1,1125
5083004,2020/10/22,f,95,1,1125
4184049,2020/10/20,f,156,2,30
5211169,2020/10/20,t,30,99,99
5083889,2020/10/22,f,299,2,1125
5217975,2020/10/20,f,325,2,7
5372075,2020/10/20,f,67,1,14
5221313,2020/10/20,f,300,2,1125
5372230,2020/10/22,f,400,1,1125
4186778,2020/10/22,t,291,1,365
5221542,2020/10/24,f,406,3,1125
5372341,2020/10/21,f,65,1,1125
4190925,2020/10/24,f,250,1,1125
5372361,2020/10/20,f,1038,2,30
5223967,2020/10/20,t,274,31,31
5226944,2020/10/22,f,700,4,1125
4191216,2020/10/20,t,123,1,365
5227430,2020/10/20,f,200,1,1125
5374761,2020/10/22,f,210,2,2
4194649,2020/10/24,f,300,3,1125
5230543,2020/10/23,f,350,3,360
5375637,2020/10/20,f,105,14,365
5380952,2020/10/20,f,75,2,11
5235691,2020/10/20,t,1000,2,1125
5385823,2020/10/20,t,200,1,1125
5385856,2020/10/20,t,400,1,1125
5239779,2020/10/22,f,500,2,10
4194853,2020/10/20,f,118,1,365
5241591,2020/10/22,f,100,5,15
5386787,2020/10/20,f,187,2,1125
4195180,2020/10/20,t,118,1,365
5387815,2020/10/22,f,425,1,1125
5245916,2020/10/20,f,900,1,1125
5391565,2020/10/21,f,265,3,1125
4196884,2020/10/20,t,170,1,1125
5246084,2020/10/22,f,220,2,15
5392673,2020/10/20,f,400,2,1125
4198303,2020/10/21,f,99,2,1125
5247943,2020/10/21,t,299,1,1125
5394189,2020/10/20,f,100,1,7
5248080,2020/10/21,f,103,4,1125
4198456,2020/10/22,t,745,3,1125
5395422,2020/10/22,t,375,,
5251446,2020/10/20,f,900,1,14
4199426,2020/10/22,f,500,1,1125
5396676,2020/10/24,f,117,2,30
5251485,2020/10/23,f,60,2,9
5396712,2020/10/20,t,1200,1,1125
5251600,2020/10/20,f,999,3,6
4202378,2020/10/22,f,125,2,1125
5401641,2020/10/20,f,1200,4,28
4204808,2020/10/20,f,250,2,1125
5251742,2020/10/22,f,51,6,30
5402363,2020/10/22,f,225,1,1125
5252863,2020/10/20,f,500,3,10
4207963,2020/10/23,t,500,1,1125
5404780,2020/10/22,f,299,,
5256666,2020/10/22,f,460,1,1125
5405183,2020/10/20,f,1000,1,1125
4208941,2020/10/20,f,70,2,21
5406277,2020/10/20,f,239,5,1125
5256761,2020/10/20,f,369,7,1125
4217792,2020/10/20,t,2500,2,1125
5257816,2020/10/20,f,275,3,1125
5412574,2020/10/20,f,550,3,1125
5414027,2020/10/22,f,200,3,1125
5257917,2020/10/22,t,208,1,365
5415038,2020/10/20,f,500,2,1125
5415285,2020/10/20,f,269,2,1125
5258176,2020/10/24,f,259,1,365
4218221,2020/10/24,t,400,2,4
5415298,2020/10/22,f,175,,
5259693,2020/10/20,f,245,2,14
5259718,2020/10/20,f,510,3,1125
5419307,2020/10/20,f,78,1,1125
4218296,2020/10/22,f,400,1,1125
4219019,2020/10/21,f,60,2,7
5420650,2020/10/20,f,675,2,1125
5260692,2020/10/20,t,225,3,1125
5260774,2020/10/22,f,249,4,1125
5420745,2020/10/20,f,55,2,31
5420782,2020/10/20,t,175,2,1125
4224100,2020/10/20,f,150,30,240
5260962,2020/10/22,f,79,2,1125
5422314,2020/10/20,f,295,1,1125
4224760,2020/10/20,f,80,1,1125
5262010,2020/10/20,f,140,2,1125
5266956,2020/10/22,f,799,1,1125
5422964,2020/10/20,f,490,3,11
5423839,2020/10/20,f,550,1,1125
5267853,2020/10/24,f,129,1,1125
5423999,2020/10/20,f,425,3,1125
5424528,2020/10/22,f,150,1,1125
5429585,2020/10/20,f,75,1,1125
5270610,2020/10/22,f,55,60,365
5270718,2020/10/20,f,250,1,1125
5270815,2020/10/22,f,999,1,1125
4225262,2020/10/22,f,350,2,1125
5272399,2020/10/20,f,177,2,30
5430429,2020/10/20,f,375,2,1125
5431978,2020/10/20,f,100,1,1125
4226176,2020/10/22,f,175,1,1125
5432556,2020/10/22,f,144,3,10
5272704,2020/10/22,f,1000,4,14
5434918,2020/10/20,f,119,2,1125
4227044,2020/10/22,f,45,7,1125
5272994,2020/10/24,f,795,2,1125
5438680,2020/10/20,f,150,2,1125
5277272,2020/10/20,f,118,1,365
5438705,2020/10/20,f,149,2,14
4227584,2020/10/20,f,1000,1,1125
5277499,2020/10/20,t,122,1,365
5439772,2020/10/23,f,250,1,7
5277923,2020/10/20,f,118,1,365
4232009,2020/10/20,t,400,1,1125
5440292,2020/10/24,f,75,1,1125
5441730,2020/10/23,f,23,29,1125
4235207,2020/10/20,f,350,1,1125
5442748,2020/10/20,f,179,2,1125
5277988,2020/10/20,f,299,5,31
5444929,2020/10/22,f,375,1,1125
5283977,2020/10/20,f,58,1,1125
4235416,2020/10/22,f,65,1,1125
5445354,2020/10/22,f,124,1,1125
5288423,2020/10/20,f,89,2,1125
5445877,2020/10/20,f,65,1,1125
5293720,2020/10/24,f,415,2,1125
5293851,2020/10/22,f,185,1,1125
4235764,2020/10/24,f,62,30,150
5295462,2020/10/20,t,180,2,1125
5446097,2020/10/20,f,300,1,1125
5446210,2020/10/22,f,400,1,1125
4236671,2020/10/22,t,1499,2,1125
5446350,2020/10/20,f,600,1,1125
5295797,2020/10/20,f,175,2,1125
5297978,2020/10/22,f,425,1,1125
5306456,2020/10/20,f,450,4,1125
4242159,2020/10/20,f,200,1,1125
5447056,2020/10/24,f,250,1,1125
4243313,2020/10/20,f,700,1,1125
5447230,2020/10/20,f,37,29,1125
5314932,2020/10/20,f,800,2,1125
5447513,2020/10/20,f,100,1,1125
5315903,2020/10/20,f,439,2,31
4244284,2020/10/20,f,500,1,2
5451143,2020/10/20,f,75,3,1125
5316929,2020/10/22,f,37,29,1125
5454582,2020/10/20,f,199,5,10
5317194,2020/10/20,f,95,1,28
4244548,2020/10/20,f,50,1,1125
5457288,2020/10/20,f,99,30,1125
5317993,2020/10/20,f,47,2,1125
4247914,2020/10/20,f,159,30,200
5457997,2020/10/22,f,288,1,1125
4248113,2020/10/20,f,100,2,1125
5458492,2020/10/20,f,130,5,10
5318154,2020/10/20,f,1400,1,1125
4249149,2020/10/20,t,72,1,30
5458673,2020/10/20,f,150,2,1125
5318697,2020/10/22,f,195,1,1125
5463223,2020/10/20,f,200,3,1125
4250366,2020/10/22,f,225,1,3
5318910,2020/10/20,f,700,1,1125
5319080,2020/10/20,f,170,1,1125
5466113,2020/10/22,t,74,2,1125
4256978,2020/10/20,f,250,4,9
5329813,2020/10/20,f,215,3,1125
5468874,2020/10/20,f,115,1,1125
5335157,2020/10/20,f,100,2,1125
5470288,2020/10/22,f,77,31,120
5337141,2020/10/22,f,220,2,5
4258156,2020/10/20,f,1200,30,1125
5470379,2020/10/20,f,150,1,1125
5337516,2020/10/20,f,290,1,1125
4258466,2020/10/20,f,80,1,1125
5471518,2020/10/20,f,250,1,1125
5340370,2020/10/22,f,150,1,1125
5475449,2020/10/22,f,450,,
5342176,2020/10/20,f,165,30,730
5476443,2020/10/22,f,70,,
5344318,2020/10/22,f,600,1,1125
5477417,2020/10/20,f,85,60,1125
5361600,2020/10/20,f,250,3,7
4278536,2020/10/20,f,130,1,1125
5478792,2020/10/20,f,315,4,1125
5362016,2020/10/22,f,95,2,1125
4279470,2020/10/20,f,200,3,1125
5362539,2020/10/20,f,950,1,1125
5479573,2020/10/22,f,150,1,1125
5480629,2020/10/20,f,85,3,1125
5480956,2020/10/20,f,35,30,1125
5362658,2020/10/23,f,110,30,180
5363622,2020/10/20,f,200,3,11
4279738,2020/10/22,f,45,30,1125
5364278,2020/10/20,f,500,1,1125
5482299,2020/10/22,f,325,1,1125
5482391,2020/10/20,f,1999,2,1125
4284646,2020/10/20,f,400,1,1125
5486187,2020/10/20,f,85,2,1125
5365000,2020/10/20,t,400,2,1125
4285742,2020/10/20,f,180,1,365
5489353,2020/10/20,f,90,2,35
5370554,2020/10/20,f,180,1,1125
5490698,2020/10/20,f,500,2,1125
4288292,2020/10/24,f,45,30,1125
5371130,2020/10/20,f,149,2,31
5491054,2020/10/22,f,100,1,1125
5491849,2020/10/20,f,200,1,1125
5371233,2020/10/20,f,295,2,1125
5371586,2020/10/20,f,500,4,9
5491921,2020/10/24,f,250,1,1125
5492366,2020/10/22,f,400,1,1125
5531726,2020/10/21,f,22,31,1125
4288403,2020/10/20,f,120,1,1125
5495934,2020/10/22,f,645,2,1125
5532164,2020/10/20,f,600,2,1125
5532511,2020/10/20,f,100,2,4
5497475,2020/10/20,f,78,1,31
4289075,2020/10/20,f,400,1,3
5499806,2020/10/22,f,55,1,1125
5532702,2020/10/22,f,275,2,1125
4293731,2020/10/20,f,395,3,30
5499816,2020/10/22,f,450,3,10
4303864,2020/10/20,f,400,1,1125
5532737,2020/10/20,f,200,2,1125
5534589,2020/10/22,f,150,1,1125
5500000,2020/10/20,f,42,1,200
4304606,2020/10/20,f,175,2,1125
5506964,2020/10/22,f,714,3,1125
4308274,2020/10/22,f,33,2,1125
5508714,2020/10/22,f,200,1,1125
5536815,2020/10/20,f,150,1,1125
5537443,2020/10/20,f,350,3,6
5508927,2020/10/22,f,250,4,1125
5769019,2020/10/22,f,95,1,1
5537904,2020/10/22,t,170,2,1125
5509230,2020/10/22,f,47,30,1125
5509268,2020/10/20,f,72,1,1125
5509889,2020/10/20,f,125,3,365
5510194,2020/10/22,f,300,3,1125
5538269,2020/10/22,f,300,3,1125
5538928,2020/10/20,f,120,2,15
5539034,2020/10/22,t,110,2,1125
5539135,2020/10/24,f,350,1,1125
5539288,2020/10/20,f,500,1,1125
5544175,2020/10/20,t,300,3,1125
5546393,2020/10/22,f,300,1,1125
5510293,2020/10/20,f,102,7,1125
5510324,2020/10/22,f,150,2,180
5511060,2020/10/20,f,300,4,7
5549268,2020/10/20,f,500,2,9
5511174,2020/10/23,f,35,1,1125
5549432,2020/10/20,f,130,2,21
5774327,2020/10/20,t,515,1,1125
5512277,2020/10/24,f,90,3,1125
5775285,2020/10/20,f,400,28,1125
5512398,2020/10/22,f,100,1,1125
5549457,2020/10/20,f,200,1,1125
5516786,2020/10/22,f,299,3,1125
5549898,2020/10/20,f,49,2,10
5550807,2020/10/20,f,250,1,1125
5780591,2020/10/22,f,60,2,1125
5519058,2020/10/20,f,250,1,3
5550894,2020/10/22,f,650,3,1125
5551188,2020/10/22,f,350,1,1125
5521345,2020/10/20,t,79,2,1125
5521352,2020/10/20,t,150,1,1125
5794015,2020/10/21,f,169,1,1125
5552689,2020/10/20,f,300,3,28
5523235,2020/10/22,f,250,1,1125
5523507,2020/10/20,f,128,30,100
5557483,2020/10/20,f,50,1,1125
5806636,2020/10/20,f,140,3,1125
5524129,2020/10/20,f,400,1,1125
5524366,2020/10/20,f,145,12,1125
5524407,2020/10/20,t,300,1,1125
5524631,2020/10/23,t,1099,1,1125
5524728,2020/10/22,f,249,1,7
5557742,2020/10/22,f,1200,1,1125
5811482,2020/10/21,t,299,5,1125
5524966,2020/10/20,f,350,1,1125
5525252,2020/10/21,t,650,1,1125
5558324,2020/10/21,f,99,2,1125
5525466,2020/10/20,f,150,1,1125
5525531,2020/10/20,f,200,1,1125
5527298,2020/10/20,f,349,2,10
5530513,2020/10/21,f,555,3,30
5558744,2020/10/24,f,95,1,1125
5561157,2020/10/20,f,150,2,1100
5530526,2020/10/20,f,350,3,1125
5566540,2020/10/20,f,850,7,14
5813732,2020/10/22,f,95,30,1125
5568589,2020/10/20,f,1250,4,23
7108253,2020/10/20,t,37,30,1125
5819674,2020/10/22,f,165,2,1125
5568864,2020/10/22,f,750,,
7143120,2020/10/22,f,75,28,365
7146530,2020/10/20,f,130,2,1125
5570765,2020/10/20,f,125,1,4
5851471,2020/10/22,f,80,4,1125
7171128,2020/10/22,t,125,2,1125
5571901,2020/10/20,f,799,3,1125
5851765,2020/10/20,f,75,3,1125
5572837,2020/10/22,f,499,1,1125
5576311,2020/10/20,f,25,20,90
7180503,2020/10/20,f,60,1,6
5580263,2020/10/20,f,1800,1,14
5580918,2020/10/20,f,600,3,1125
7180621,2020/10/22,f,47,1,1125
7202167,2020/10/21,f,180,2,27
5587184,2020/10/20,f,80,1,1125
5869022,2020/10/24,t,80,1,1125
7222766,2020/10/20,f,300,2,1125
7226096,2020/10/20,f,350,2,4
5590653,2020/10/20,f,800,1,1125
5871200,2020/10/22,f,145,1,8
7239077,2020/10/22,f,515,2,1125
5591862,2020/10/20,f,500,1,1125
5873238,2020/10/20,f,83,1,1125
7243467,2020/10/20,f,290,3,1125
5592752,2020/10/20,f,230,1,1125
7247795,2020/10/23,f,250,4,1125
5593491,2020/10/22,f,399,,
5884972,2020/10/22,f,199,1,1125
7260963,2020/10/22,f,350,2,14
5593563,2020/10/20,f,425,1,1125
5928354,2020/10/20,f,550,1,1125
7264070,2020/10/22,f,140,3,1125
5594027,2020/10/22,t,500,1,1125
5928519,2020/10/20,f,500,1,1125
7264951,2020/10/20,f,225,3,1125
5600950,2020/10/22,f,400,1,1125
7279240,2020/10/21,f,55,2,1125
5601570,2020/10/20,f,90,2,1125
7306419,2020/10/22,f,129,2,1125
5602667,2020/10/22,f,125,1,1125
5602972,2020/10/20,f,50,3,31
5928709,2020/10/20,f,66,2,9
7308730,2020/10/20,f,50,240,365
7330232,2020/10/21,t,255,2,30
5603007,2020/10/22,t,1126,1,1125
7345104,2020/10/20,t,654,2,28
5603014,2020/10/22,f,40,1,1125
5941641,2020/10/22,f,150,1,1125
7351170,2020/10/20,f,144,3,1125
5603829,2020/10/20,f,250,3,50
7364825,2020/10/24,f,75,29,1125
5992071,2020/10/20,f,145,1,1125
5607191,2020/10/22,f,115,1,1125
5607471,2020/10/20,f,300,1,1125
6016413,2020/10/22,f,150,4,1125
5607608,2020/10/20,f,140,3,12
5612495,2020/10/20,f,141,2,9
7417004,2020/10/20,f,153,2,1125
7431430,2020/10/24,f,99,2,1125
5615072,2020/10/20,f,150,2,1125
6017483,2020/10/20,f,150,10,60
7435259,2020/10/20,f,105,30,1125
5616235,2020/10/20,f,125,5,1125
7437292,2020/10/22,f,253,2,1125
6025598,2020/10/22,f,375,30,1125
5617119,2020/10/20,f,375,2,1125
6056285,2020/10/20,f,150,2,1125
7440637,2020/10/22,f,37,29,1125
5617149,2020/10/20,f,139,2,25
7462553,2020/10/24,f,75,2,1125
7462609,2020/10/24,f,65,3,1125
6056676,2020/10/20,f,150,20,90
7482140,2020/10/20,f,600,1,1125
5618093,2020/10/20,f,425,1,1125
5618324,2020/10/22,f,200,1,1125
7492335,2020/10/22,f,150,1,1125
6063670,2020/10/22,f,342,4,360
5618529,2020/10/20,f,140,2,1125
7492691,2020/10/22,f,100,2,1125
5619107,2020/10/20,f,200,1,1125
6088588,2020/10/20,f,450,2,1125
7495575,2020/10/20,f,130,1,15
5623752,2020/10/20,f,69,3,1125
7531639,2020/10/20,t,80,1,1125
6092667,2020/10/20,f,50,3,1125
5625746,2020/10/22,f,90,1,1125
7576657,2020/10/20,f,170,4,1125
5626595,2020/10/22,f,200,1,1125
6093246,2020/10/20,t,600,2,30
7577428,2020/10/21,t,149,1,2
7579302,2020/10/20,f,125,2,1125
6093402,2020/10/22,f,195,3,1125
5627249,2020/10/22,f,400,3,1125
7579394,2020/10/20,f,125,2,1125
5631123,2020/10/23,f,70,1,1125
6100305,2020/10/24,f,169,3,1125
5632201,2020/10/22,f,80,1,1125
7581865,2020/10/22,f,350,2,10
6116865,2020/10/20,t,149,1,1125
5636464,2020/10/22,f,400,1,1125
7582622,2020/10/21,f,3000,5,1125
6118674,2020/10/20,f,85,1,1125
5637884,2020/10/22,f,350,1,1125
5639508,2020/10/22,f,849,2,10
7593593,2020/10/22,f,500,1,1125
6120864,2020/10/22,f,125,,
5641624,2020/10/20,f,150,1,1125
7618643,2020/10/22,f,5000,3,1125
6131087,2020/10/20,f,400,2,1125
5641633,2020/10/20,f,200,1,1125
7619069,2020/10/20,f,68,1,1125
6157746,2020/10/20,f,105,2,1125
7633129,2020/10/20,f,500,1,1125
5641970,2020/10/22,f,275,3,1125
5642926,2020/10/22,f,200,1,1125
7634469,2020/10/21,f,28,31,1125
6169536,2020/10/21,t,70,1,1125
5647599,2020/10/22,f,125,1,1125
7637956,2020/10/22,f,110,60,365
7638756,2020/10/20,f,89,1,1125
5647715,2020/10/22,f,300,2,1125
5648485,2020/10/20,f,199,1,1125
7649234,2020/10/22,f,170,30,1125
5649246,2020/10/20,f,200,1,1125
5649699,2020/10/22,f,30,1,1125
5650946,2020/10/20,f,500,1,1125
5651347,2020/10/20,f,150,1,1125
7651943,2020/10/22,f,325,4,1125
7662548,2020/10/22,f,140,4,1125
7689262,2020/10/22,f,90,1,1125
7690676,2020/10/22,f,45,1,10
5651702,2020/10/20,f,400,1,1125
5652198,2020/10/20,f,75,1,1125
5652310,2020/10/22,f,99,1,1125
7699233,2020/10/22,f,64,1,1125
5653621,2020/10/22,f,200,1,1125
7702099,2020/10/21,f,45,1,13
6184106,2020/10/20,f,999,90,1125
7706359,2020/10/20,f,150,360,500
5659852,2020/10/20,f,550,1,6
7709309,2020/10/21,f,36,30,1125
6185503,2020/10/20,f,45,2,1125
5660373,2020/10/21,f,160,30,1125
7717113,2020/10/21,f,48,1,1125
5660770,2020/10/22,f,370,,
5666350,2020/10/20,f,250,1,1125
6186041,2020/10/20,f,250,2,1125
5667556,2020/10/20,f,250,1,1125
6187395,2020/10/23,f,140,1,1125
7725153,2020/10/20,f,450,1,1125
6194282,2020/10/21,t,38,31,1125
5669646,2020/10/20,f,225,2,1125
5669658,2020/10/20,f,105,5,24
7727704,2020/10/22,f,380,1,1125
6194285,2020/10/23,f,38,31,1125
6198536,2020/10/20,f,299,3,31
7729746,2020/10/20,f,249,2,1125
5670682,2020/10/22,f,80,1,1125
7730776,2020/10/24,f,331,2,1125
5670726,2020/10/24,f,220,2,16
6214178,2020/10/20,t,127,1,365
5671821,2020/10/20,f,75,4,1125
7746849,2020/10/20,f,37,30,1125
7750051,2020/10/20,f,50,2,7
5672823,2020/10/24,f,200,1,1125
6234498,2020/10/20,t,150,2,1125
7750755,2020/10/20,f,37,29,1125
5673112,2020/10/20,f,550,1,1125
5673145,2020/10/20,f,49,30,180
6238933,2020/10/20,t,400,2,1124
7787003,2020/10/20,f,110,3,90
7787682,2020/10/20,f,70,1,1125
5673299,2020/10/24,f,350,1,1125
6248576,2020/10/20,f,52,90,1125
7797703,2020/10/20,f,100,2,1125
6250110,2020/10/20,f,100,31,90
5685281,2020/10/22,f,200,1,1125
7802292,2020/10/20,f,185,2,1125
7802995,2020/10/20,f,80,2,1125
5686309,2020/10/20,t,175,1,1125
6260941,2020/10/20,f,100,7,1125
5693337,2020/10/20,f,170,1,1125
7805994,2020/10/20,f,149,3,1125
6277444,2020/10/20,f,38,1,1125
5695124,2020/10/22,f,175,1,1125
7808418,2020/10/20,f,200,1,1125
5697049,2020/10/20,f,395,3,3
7811193,2020/10/21,f,300,2,13
6285645,2020/10/20,f,50,1,1125
7818596,2020/10/20,f,750,3,14
6288166,2020/10/20,f,100,1,1125
7825288,2020/10/20,f,600,2,4
5697316,2020/10/20,f,300,1,1125
6291496,2020/10/22,f,250,2,5
5702254,2020/10/22,f,22,31,1125
7825977,2020/10/22,t,205,1,365
6291810,2020/10/20,f,566,3,1125
7826186,2020/10/22,t,190,1,365
7836170,2020/10/20,f,525,3,1125
5706306,2020/10/23,f,150,2,1125
7836824,2020/10/20,f,50,1,10
5706852,2020/10/20,f,70,1,1125
7837707,2020/10/22,f,159,2,180
7839215,2020/10/22,f,199,1,1125
5718336,2020/10/20,f,88,3,4
6311988,2020/10/20,t,325,2,1125
5718552,2020/10/20,f,140,2,1125
7844285,2020/10/24,t,37,30,1125
5728862,2020/10/22,f,299,3,1125
7853521,2020/10/24,f,60,1,1125
6325661,2020/10/22,f,846,2,4
7853960,2020/10/20,f,2500,1,1125
5729593,2020/10/20,f,135,2,1125
7856390,2020/10/20,f,120,2,1125
5736280,2020/10/21,f,18,30,120
7859434,2020/10/21,f,649,4,1125
5755416,2020/10/20,f,145,14,500
6330479,2020/10/22,f,40,1,1125
7859914,2020/10/20,f,59,1,1125
5761331,2020/10/22,f,99,2,1125
7870808,2020/10/22,f,50,,
6347473,2020/10/20,f,100,2,1125
5768194,2020/10/24,f,380,1,1125
5768833,2020/10/20,f,99,2,1125
7872804,2020/10/20,f,110,2,35
8090183,2020/10/20,f,75,2,21
7881350,2020/10/22,f,60,1,1125
6391710,2020/10/22,f,150,2,1125
7881703,2020/10/20,f,80,3,120
8090353,2020/10/20,f,300,2,1125
8101620,2020/10/22,f,220,2,3
7884925,2020/10/22,f,500,1,1125
6404272,2020/10/20,f,35,1,1125
7894111,2020/10/22,t,250,2,1125
8106607,2020/10/22,f,99,30,1125
8117242,2020/10/21,f,1000,3,1125
7895103,2020/10/22,f,129,1,1125
8118902,2020/10/20,f,400,3,30
6430521,2020/10/20,f,325,2,10
7897305,2020/10/20,f,150,2,1125
8131911,2020/10/20,f,149,2,1125
7899546,2020/10/20,f,112,2,1125
6432177,2020/10/20,t,129,2,1125
7902053,2020/10/20,f,1000,3,10
8135306,2020/10/22,f,175,4,1125
8149550,2020/10/22,t,309,,
7902095,2020/10/22,f,240,2,7
6449683,2020/10/20,f,155,28,180
8167068,2020/10/22,f,55,,
8167348,2020/10/20,f,150,2,1125
7902384,2020/10/22,f,160,2,1125
7915978,2020/10/20,f,2500,2,1125
7917741,2020/10/20,f,900,1,1125
6490112,2020/10/24,f,105,1,1125
8170048,2020/10/20,f,79,1,1125
6491526,2020/10/22,f,160,2,1125
8171923,2020/10/20,f,45,3,10
7922035,2020/10/20,f,200,2,4
7932066,2020/10/20,f,99,30,1125
8172036,2020/10/22,f,300,3,1125
6539818,2020/10/24,f,150,2,60
7935687,2020/10/20,f,120,30,1125
8172120,2020/10/22,f,215,1,1125
7936442,2020/10/20,f,150,2,1125
6545616,2020/10/20,f,40,1,20
8185376,2020/10/20,f,176,3,1125
8186176,2020/10/20,f,225,2,30
7937786,2020/10/20,t,300,2,1125
6560787,2020/10/20,f,150,2,15
7946971,2020/10/20,f,200,1,1125
8186947,2020/10/20,f,350,1,4
6570493,2020/10/22,f,105,,
6572544,2020/10/21,t,1200,1,1125
7970274,2020/10/20,f,1900,4,14
7971903,2020/10/22,f,66,2,1125
8190834,2020/10/20,f,115,4,1125
7980411,2020/10/20,f,190,2,1125
6575767,2020/10/21,f,495,2,1125
8208157,2020/10/21,f,210,2,1125
7985608,2020/10/22,t,300,2,1125
6584889,2020/10/20,f,145,2,1125
7996932,2020/10/22,f,65,1,8
6586376,2020/10/21,f,65,2,1125
8032556,2020/10/20,f,185,3,1125
8034552,2020/10/20,f,55,1,1125
6586413,2020/10/22,f,238,3,1125
8213171,2020/10/21,t,311,3,1125
8034612,2020/10/20,f,41,3,30
6586651,2020/10/22,f,100,30,200
6590801,2020/10/20,f,145,1,1125
8063156,2020/10/20,f,200,4,4
8067300,2020/10/20,f,110,2,1125
8214182,2020/10/20,f,26,1,5
8069972,2020/10/20,f,95,3,21
8222790,2020/10/24,f,156,2,1125
8070894,2020/10/20,f,37,29,1125
6591757,2020/10/20,f,40,1,1125
8227170,2020/10/20,f,179,2,180
8084195,2020/10/20,t,759,2,12
8086913,2020/10/20,f,289,1,1125
8235178,2020/10/20,t,225,2,1125
6596091,2020/10/22,f,200,,
8540638,2020/10/24,f,55,2,14
8238039,2020/10/20,f,180,3,5
8241511,2020/10/20,f,225,365,365
8540885,2020/10/24,f,645,2,1125
6603660,2020/10/20,f,155,1,1125
8253159,2020/10/20,f,95,2,28
8541039,2020/10/22,f,980,2,1125
8253830,2020/10/20,f,30,1,1125
8549483,2020/10/22,f,152,1,1125
6608652,2020/10/20,f,130,1,1125
8253891,2020/10/20,f,114,2,1125
8550852,2020/10/20,f,500,1,1125
8255065,2020/10/20,f,100,1,1125
6612246,2020/10/22,f,115,1,1125
8551560,2020/10/20,f,220,7,365
8268045,2020/10/20,t,93,30,1125
8554989,2020/10/20,t,350,1,1125
8268970,2020/10/22,f,119,1,1125
6613299,2020/10/20,f,125,2,1125
8555708,2020/10/20,f,250,7,1125
8274367,2020/10/22,f,150,2,10
8569523,2020/10/22,f,250,1,1125
8275886,2020/10/20,t,115,1,7
6616920,2020/10/20,f,200,1,1125
8577438,2020/10/22,f,300,1,1125
8276110,2020/10/22,f,100,1,1125
6625929,2020/10/20,f,120,2,1125
8284053,2020/10/20,f,179,1,3
8577931,2020/10/22,f,150,2,7
6626589,2020/10/22,f,125,3,15
8285130,2020/10/22,f,119,6,900
8290369,2020/10/20,f,149,1,1125
6628321,2020/10/20,f,40,1,1125
8580033,2020/10/22,f,52,,
8291582,2020/10/24,f,100,2,1125
6634808,2020/10/20,f,125,1,1125
8581191,2020/10/22,f,115,,
8293924,2020/10/22,f,700,3,1125
6638084,2020/10/20,f,55,2,31
6690195,2020/10/20,f,69,1,1125
8294952,2020/10/22,f,152,2,1125
8592302,2020/10/20,f,52,2,1125
8301191,2020/10/22,f,85,1,1125
6721639,2020/10/20,f,205,7,1125
8592877,2020/10/21,f,99,2,1125
8301931,2020/10/22,f,185,3,3
8594813,2020/10/20,f,100,1,10
6740452,2020/10/22,f,499,,
8302929,2020/10/22,f,225,,
8321562,2020/10/20,f,129,7,1125
8594847,2020/10/22,f,65,1,1125
6744307,2020/10/20,f,84,30,1125
8595301,2020/10/22,f,325,,
6766010,2020/10/22,f,59,4,1125
8327051,2020/10/22,f,500,4,1125
8595706,2020/10/20,f,400,1,1125
6777032,2020/10/20,f,75,2,1125
8327560,2020/10/20,f,1000,2,3
8607291,2020/10/24,f,950,5,1125
6782834,2020/10/24,f,555,3,1125
8337250,2020/10/20,t,320,1,1125
8609241,2020/10/24,f,160,1,1125
6792049,2020/10/20,f,40,1,1125
8341884,2020/10/20,f,250,3,1125
8342413,2020/10/22,f,107,2,4
8609590,2020/10/22,f,98,30,365
8609730,2020/10/20,f,200,1,1125
8343187,2020/10/20,f,300,1,1125
8611299,2020/10/20,f,75,1,1125
8349440,2020/10/22,f,350,1,1125
8354052,2020/10/21,t,150,2,1125
8613434,2020/10/20,f,125,2,1125
8614178,2020/10/20,f,799,1,1125
6820899,2020/10/21,t,99,2,1125
8614516,2020/10/20,f,80,1,1125
8628573,2020/10/22,f,149,2,1125
8355807,2020/10/22,f,102,2,1125
8356007,2020/10/22,t,370,1,1125
8356445,2020/10/24,f,600,2,1125
8630661,2020/10/20,f,300,1,1125
8635264,2020/10/20,f,200,1,1125
8363877,2020/10/20,f,49,2,21
8365492,2020/10/20,f,795,2,7
8636306,2020/10/24,f,250,1,1125
8648604,2020/10/22,f,200,1,1125
8370503,2020/10/20,f,499,4,1125
6822336,2020/10/22,f,55,3,1125
8371410,2020/10/22,f,70,2,1125
8649571,2020/10/20,f,600,1,1125
8372093,2020/10/20,f,250,4,9
8654269,2020/10/20,t,300,1,1125
6832830,2020/10/20,f,120,1,1125
8373416,2020/10/22,f,52,3,17
8655628,2020/10/22,f,45,2,1125
6850781,2020/10/20,t,123,1,89
8383427,2020/10/24,f,250,3,4
8663006,2020/10/20,f,70,2,1125
6854195,2020/10/20,f,149,2,30
8387546,2020/10/21,f,138,30,1125
8665469,2020/10/20,t,149,1,1125
8388876,2020/10/20,f,37,29,1125
6868943,2020/10/20,f,469,3,1125
8389915,2020/10/20,f,100,2,31
8668966,2020/10/21,f,68,2,1125
8390383,2020/10/24,f,156,3,1125
6870646,2020/10/23,f,125,30,1125
8390607,2020/10/22,f,118,3,30
8670731,2020/10/21,f,77,1,1125
8392052,2020/10/22,f,140,2,15
8671908,2020/10/22,f,75,7,1125
6887725,2020/10/22,t,80,29,1125
8402953,2020/10/22,t,300,4,1125
6932061,2020/10/22,f,95,3,1125
8672128,2020/10/20,t,299,1,1125
8404063,2020/10/20,f,500,1,3
8672626,2020/10/20,f,424,2,1125
8406405,2020/10/20,f,600,2,4
6935687,2020/10/20,f,120,1,1125
8673580,2020/10/20,f,65,1,1125
8408862,2020/10/20,t,400,2,1125
8673768,2020/10/20,f,100,1,1125
8410531,2020/10/20,t,598,1,1125
8674351,2020/10/21,f,77,1,1125
6935869,2020/10/23,f,295,2,1125
8421560,2020/10/20,f,75,1,1125
8422925,2020/10/20,t,75,1,1125
8684602,2020/10/24,t,65,1,1125
6938778,2020/10/20,f,50,30,1125
8423582,2020/10/20,t,465,2,1125
8426539,2020/10/22,t,135,1,1125
8688394,2020/10/22,f,95,30,1125
8691146,2020/10/20,f,300,1,1125
6955450,2020/10/20,f,37,29,90
8427091,2020/10/20,t,75,1,1125
8697580,2020/10/20,f,200,1,1125
8703781,2020/10/20,f,109,2,28
8427205,2020/10/20,f,100,1,1125
6975186,2020/10/20,t,1200,3,1125
8429604,2020/10/20,t,129,2,28
8705135,2020/10/20,f,45,1,1125
8437392,2020/10/22,f,180,2,5
8722133,2020/10/20,f,333,1,1125
8438090,2020/10/20,f,140,2,1125
6981552,2020/10/22,t,2000,3,1125
8442279,2020/10/22,f,595,,
8740144,2020/10/20,f,90,30,1125
8447116,2020/10/22,f,499,4,8
8740538,2020/10/22,f,80,3,1125
8740559,2020/10/24,f,325,2,1125
8743900,2020/10/22,f,105,2,1125
8455007,2020/10/20,f,249,7,1125
8456949,2020/10/22,f,300,2,1125
8459196,2020/10/20,f,489,3,4
8459820,2020/10/22,f,185,,
8473216,2020/10/22,f,140,1,7
8756436,2020/10/22,f,250,1,1125
8756544,2020/10/22,t,200,,
8761924,2020/10/20,f,185,1,1125
8480556,2020/10/24,f,101,3,1125
7005386,2020/10/22,f,850,3,37
8483460,2020/10/20,f,750,3,4
8485189,2020/10/20,f,250,1,1125
8762934,2020/10/20,f,95,30,1125
8773086,2020/10/22,f,1000,1,1125
8775493,2020/10/24,f,92,2,6
8780307,2020/10/22,f,36,30,1125
8485494,2020/10/22,f,400,4,7
8486228,2020/10/20,f,225,2,12
7005488,2020/10/23,f,100,1,1125
8486971,2020/10/22,f,350,2,1125
8783699,2020/10/20,t,59,2,21
7006588,2020/10/22,f,100,2,32
8488895,2020/10/20,f,850,2,1125
8811995,2020/10/20,f,700,1,1125
8813853,2020/10/22,f,99,1,1125
8489018,2020/10/20,f,90,1,30
8814298,2020/10/20,f,250,2,1125
8815829,2020/10/20,f,155,30,1125
8489021,2020/10/20,f,150,2,4
7020344,2020/10/20,f,900,5,30
8497940,2020/10/20,f,69,2,1125
8499413,2020/10/20,f,179,2,14
8826075,2020/10/20,f,101,30,200
8826503,2020/10/22,f,37,29,1125
8826604,2020/10/20,f,37,29,1125
8843728,2020/10/20,f,295,1,1125
8499809,2020/10/20,t,700,1,1125
8502075,2020/10/20,f,200,2,1125
8505696,2020/10/20,f,440,4,6
8880973,2020/10/20,f,58,1,131
8882372,2020/10/20,f,35,1,1125
8886894,2020/10/22,f,400,1,1125
8506283,2020/10/20,f,80,3,1125
8507456,2020/10/20,f,75,1,1125
8507552,2020/10/22,f,55,4,1125
8507559,2020/10/20,f,54,30,180
8908560,2020/10/24,f,350,1,1125
8909702,2020/10/20,t,315,1,5
8915312,2020/10/24,f,170,2,1125
8920025,2020/10/20,t,75,1,1125
8515332,2020/10/20,f,300,1,1125
8516399,2020/10/20,f,170,1,1125
7033328,2020/10/20,f,67,1,1125
8926402,2020/10/20,f,160,2,1125
8516626,2020/10/20,t,70,1,1125
8980721,2020/10/24,f,97,3,60
8523885,2020/10/20,f,150,1,1125
8985401,2020/10/20,t,795,3,1125
7066704,2020/10/22,f,55,2,7
8986977,2020/10/22,f,48,2,1125
8526072,2020/10/21,t,165,1,1125
8531225,2020/10/20,t,125,1,1125
8989373,2020/10/20,f,70,1,1125
9010732,2020/10/24,f,150,3,6
7075066,2020/10/22,f,39,1,12
8535059,2020/10/22,f,500,1,1125
7094484,2020/10/20,f,85,2,1125
9011892,2020/10/22,f,350,3,5
8535760,2020/10/20,f,585,1,1125
9393984,2020/10/20,f,975,2,1125
8535930,2020/10/22,f,350,1,5
9012503,2020/10/20,f,150,2,1125
9012909,2020/10/20,f,150,2,1125
9013058,2020/10/22,t,150,2,1125
9028362,2020/10/22,f,90,1,1125
8537118,2020/10/20,f,150,1,1125
8538239,2020/10/20,t,950,3,1125
10619716,2020/10/20,t,100,30,90
10626331,2020/10/22,f,385,6,1125
10631929,2020/10/20,f,425,3,1125
9049310,2020/10/24,t,499,2,1125
9055134,2020/10/22,t,120,1,1125
9072951,2020/10/22,f,70,1,1125
10644981,2020/10/20,f,79,1,1125
10650399,2020/10/20,f,275,1,1125
9092423,2020/10/22,f,30,150,1125
9405852,2020/10/22,f,130,2,1125
9113180,2020/10/20,f,97,2,1125
10658992,2020/10/20,f,115,1,1125
9408680,2020/10/22,f,1299,30,90
10671623,2020/10/22,f,150,,
9128459,2020/10/22,f,108,2,3
9128884,2020/10/22,t,100,7,1125
9409777,2020/10/20,f,200,90,365
10685455,2020/10/22,t,495,5,28
9430475,2020/10/20,f,170,3,1125
9434045,2020/10/20,f,100,2,14
9445559,2020/10/22,f,185,1,1125
10694691,2020/10/20,f,129,3,10
9470709,2020/10/20,f,2225,3,28
9136983,2020/10/20,f,139,2,29
10699500,2020/10/22,f,125,3,7
9137791,2020/10/22,f,500,4,1125
9472636,2020/10/22,f,89,1,1125
10701836,2020/10/20,f,200,2,1125
9479064,2020/10/20,f,100,1,1125
9149808,2020/10/20,f,200,1,1125
9479911,2020/10/22,f,65,1,1125
9487955,2020/10/20,f,35,1,1125
10706987,2020/10/20,f,89,2,1125
9157222,2020/10/20,f,150,2,1125
10707904,2020/10/20,f,45,2,1125
9488119,2020/10/22,f,40,31,66
9163030,2020/10/22,f,300,3,1125
10709129,2020/10/22,f,2300,4,1125
9490527,2020/10/20,f,100,30,1125
10711680,2020/10/22,f,400,2,1125
9170221,2020/10/24,f,50,1,1125
10721252,2020/10/22,f,400,2,10
10722974,2020/10/20,f,450,2,1125
9491998,2020/10/24,t,900,2,1125
9182645,2020/10/20,t,601,2,28
10725745,2020/10/22,f,375,5,1125
9183614,2020/10/24,t,95,180,1125
10726898,2020/10/20,f,99,1,1125
9500935,2020/10/20,f,700,1,1125
10732236,2020/10/20,f,345,1,1125
9509077,2020/10/22,f,140,4,1125
9525147,2020/10/22,f,700,2,365
10733649,2020/10/20,f,150,2,1125
9194049,2020/10/20,f,225,2,1125
9219124,2020/10/20,f,300,1,1125
9233544,2020/10/22,f,650,1,1125
10750555,2020/10/20,f,160,1,1125
10751717,2020/10/20,f,999,1,1125
9239771,2020/10/22,f,49,1,1125
9529125,2020/10/20,f,135,1,1125
10764527,2020/10/20,f,1700,2,1125
9252583,2020/10/20,f,37,29,1125
10764579,2020/10/20,f,500,1,1125
9256330,2020/10/20,f,90,7,11
10767302,2020/10/20,t,900,2,1125
10768287,2020/10/20,t,295,3,1125
9261455,2020/10/22,f,95,,
9543878,2020/10/22,f,349,4,1125
10769346,2020/10/20,f,850,5,14
9559710,2020/10/20,f,90,3,30
9626530,2020/10/20,f,37,30,1125
10769659,2020/10/20,t,129,2,1125
9281212,2020/10/20,f,255,3,1125
10770009,2020/10/20,f,449,1,1125
9290254,2020/10/24,f,500,3,1125
9638144,2020/10/20,f,200,1,4
9301420,2020/10/20,f,125,1,1125
10784670,2020/10/20,f,350,1,1125
10784973,2020/10/22,f,500,3,10
10789818,2020/10/20,f,199,2,1125
9301824,2020/10/22,f,100,1,1125
10799894,2020/10/20,f,99,2,1125
10805216,2020/10/20,f,250,1,1125
10806723,2020/10/22,f,450,2,1125
10808197,2020/10/20,f,1700,3,1125
9302845,2020/10/21,f,572,2,14
10825011,2020/10/24,f,100,1,1125
9304254,2020/10/22,f,275,2,1125
9664077,2020/10/22,f,45,3,28
9386774,2020/10/20,f,200,7,1125
10825723,2020/10/20,t,125,2,30
9677205,2020/10/20,f,99,2,7
9392278,2020/10/20,f,75,1,1125
10836166,2020/10/20,f,55,30,90
11147979,2020/10/19,f,300,1,1125
9684896,2020/10/20,f,20,20,1125
10836191,2020/10/22,f,600,1,1125
11161303,2020/10/19,f,29,28,280
10839662,2020/10/22,f,575,3,1125
10846076,2020/10/20,f,185,2,1125
11162065,2020/10/19,f,90,,
9693101,2020/10/21,t,365,2,1125
11163059,2020/10/19,f,65,1,1125
10856933,2020/10/20,f,300,1,1125
10859293,2020/10/20,t,90,1,1125
9694693,2020/10/22,f,27,2,1125
10882327,2020/10/20,f,167,2,1125
11167048,2020/10/22,t,600,4,14
10882393,2020/10/24,f,95,60,1125
9694801,2020/10/20,f,1090,29,365
11168033,2020/10/19,f,999,1,1125
10885857,2020/10/20,f,95,2,1125
10886250,2020/10/20,f,800,1,1125
9731339,2020/10/20,t,92,1,30
10886605,2020/10/20,f,180,1,1125
11177374,2020/10/20,f,1500,2,1125
11177690,2020/10/19,f,200,3,1125
10899205,2020/10/20,f,250,7,120
11181782,2020/10/19,f,100,1,1125
11182248,2020/10/19,f,1495,4,1125
10899325,2020/10/20,f,59,1,1125
11183402,2020/10/19,f,1200,5,7
9737869,2020/10/20,f,89,2,180
10902028,2020/10/20,f,350,5,5
11184708,2020/10/20,f,150,7,1125
11186203,2020/10/22,f,500,1,1125
10907010,2020/10/22,f,89,1,1125
9753450,2020/10/20,f,79,1,1125
11200939,2020/10/19,f,250,1,1125
10908153,2020/10/22,f,35,30,95
10909360,2020/10/20,f,189,3,8
11205623,2020/10/22,f,825,3,1125
11205990,2020/10/19,f,95,2,1125
10910831,2020/10/20,f,185,2,15
9773468,2020/10/22,f,300,3,8
11207672,2020/10/20,f,495,30,1125
11209831,2020/10/19,f,250,3,1125
10918267,2020/10/20,f,190,2,1125
11210388,2020/10/19,f,62,2,1125
10922191,2020/10/22,f,75,21,1124
11218939,2020/10/19,f,150,1,1125
9776221,2020/10/22,f,40,1,1125
10924106,2020/10/20,f,45,2,1125
10924553,2020/10/20,f,199,1,10
9778522,2020/10/20,f,80,1,3
10925975,2020/10/20,f,1200,3,1125
11220453,2020/10/19,f,399,3,28
11222327,2020/10/19,f,130,1,1125
11222426,2020/10/19,f,140,3,1125
10944023,2020/10/20,f,80,2,1125
9778980,2020/10/20,f,75,1,1125
10944908,2020/10/20,f,300,1,1125
11222725,2020/10/20,f,199,1,1125
11223036,2020/10/19,f,275,1,1125
10959672,2020/10/20,f,120,2,1125
9792920,2020/10/20,f,80,2,1125
10960115,2020/10/20,f,190,7,90
10960256,2020/10/20,f,250,1,1125
11223098,2020/10/19,f,100,1,1125
10970106,2020/10/20,f,575,5,1125
11226054,2020/10/19,f,120,3,1125
10982852,2020/10/20,f,100,1,1125
10984471,2020/10/20,f,89,2,1125
9803347,2020/10/22,t,79,90,1124
11226163,2020/10/19,f,250,1,1125
11228977,2020/10/19,f,350,2,1125
10985692,2020/10/20,f,375,2,1125
9813603,2020/10/22,f,400,3,1125
10987590,2020/10/22,f,195,3,21
10988557,2020/10/20,f,113,1,1125
11239535,2020/10/19,f,150,1,7
10993131,2020/10/20,f,325,3,1125
11242704,2020/10/19,f,160,2,1125
9822958,2020/10/20,f,69,2,1125
10995390,2020/10/20,f,350,1,1125
10995584,2020/10/20,f,250,1,1125
11244040,2020/10/22,f,100,1,1125
9840250,2020/10/21,t,348,2,1125
11250951,2020/10/23,t,400,3,1125
11255530,2020/10/19,f,750,2,9
10996085,2020/10/20,f,200,2,1125
11008164,2020/10/22,f,249,2,1125
11256270,2020/10/19,f,170,2,1125
9845536,2020/10/20,f,689,1,1125
11014587,2020/10/20,t,200,1,1125
11257256,2020/10/19,f,120,21,1125
11020832,2020/10/20,f,599,3,1125
11259653,2020/10/19,f,25,1,1125
9868816,2020/10/20,f,80,1,1125
11022094,2020/10/22,t,81,30,60
11259781,2020/10/19,f,200,1,1125
11034674,2020/10/21,f,195,30,60
9902174,2020/10/20,f,85,2,1125
11260474,2020/10/22,f,89,1,1125
11047093,2020/10/20,f,94,2,1125
11260824,2020/10/22,f,275,1,1125
11051606,2020/10/20,f,215,30,365
9903299,2020/10/24,f,245,2,1125
11262298,2020/10/24,f,125,3,5
11061484,2020/10/22,f,150,175,1125
11067353,2020/10/20,f,400,1,1125
9909751,2020/10/22,f,200,,
11274398,2020/10/19,f,120,2,1125
11068604,2020/10/23,t,99,1,1125
9917865,2020/10/20,f,150,1,1125
11274406,2020/10/22,f,150,1,1125
11087992,2020/10/20,f,1000,3,1125
9924242,2020/10/20,f,1200,1,1125
11291196,2020/10/19,f,350,3,1125
11292516,2020/10/19,f,250,3,1125
11088058,2020/10/22,t,100,,
9934794,2020/10/20,f,400,1,1125
11098003,2020/10/20,f,575,1,4
11294317,2020/10/19,f,250,2,1125
11298101,2020/10/21,f,50,1,1125
11099292,2020/10/21,f,75,2,5
11099663,2020/10/20,f,75,2,1125
11298538,2020/10/22,f,70,2,1125
11298869,2020/10/19,f,800,4,1125
11099975,2020/10/20,f,150,1,1125
11100163,2020/10/20,f,100,1,1125
9935362,2020/10/20,f,105,2,1125
11101584,2020/10/20,f,99,3,30
9936343,2020/10/20,t,450,4,1125
11302252,2020/10/24,f,850,1,1125
11102000,2020/10/20,f,170,28,1125
9941582,2020/10/20,f,495,3,1125
11303550,2020/10/19,f,80,2,1125
9951914,2020/10/22,f,90,1,1125
11102363,2020/10/20,f,500,2,14
9968110,2020/10/20,f,200,2,1125
11303741,2020/10/19,f,1500,1,1125
11103461,2020/10/20,f,95,3,30
9976602,2020/10/20,f,50,22,300
11306510,2020/10/24,f,55,2,22
11103729,2020/10/20,f,420,3,1125
11318454,2020/10/20,f,200,2,1125
11104114,2020/10/20,t,150,1,1125
9986532,2020/10/22,f,116,30,1125
11105744,2020/10/19,f,200,1,1125
11323569,2020/10/24,f,350,1,1125
9997614,2020/10/20,f,84,1,1125
11323660,2020/10/20,f,275,2,1125
11112402,2020/10/21,f,99,2,1125
11112808,2020/10/20,f,281,1,3
11324422,2020/10/20,f,600,3,1125
11324822,2020/10/20,f,1000,3,1125
11325012,2020/10/20,f,92,2,1125
11116656,2020/10/19,f,500,,
11119466,2020/10/22,t,149,3,1125
11325599,2020/10/20,f,50,1,1125
11122045,2020/10/22,f,175,2,1125
11330408,2020/10/22,f,75,2,1125
10012712,2020/10/20,f,650,2,1125
11124080,2020/10/22,t,1499,4,1125
11337722,2020/10/20,f,42,1,1125
11133965,2020/10/21,f,22,31,1125
10015237,2020/10/20,f,145,30,1125
11339298,2020/10/20,t,275,3,12
11135685,2020/10/19,f,65,,
11341347,2020/10/20,f,85,1,1125
11341479,2020/10/20,f,1600,1,1125
11351108,2020/10/21,f,299,1,28
11138951,2020/10/20,f,440,2,1125
11141629,2020/10/20,f,130,7,60
11352087,2020/10/20,f,27,1,7
11143943,2020/10/19,f,185,2,1125
10042129,2020/10/20,t,299,1,1125
11357971,2020/10/22,f,179,2,1125
11359257,2020/10/20,f,42,7,1125
11144632,2020/10/19,f,125,2,14
11360943,2020/10/21,f,110,2,1125
10052537,2020/10/20,t,299,1,1125
11144738,2020/10/20,f,250,2,25
11144966,2020/10/19,f,200,1,1125
11362264,2020/10/24,f,60,1,1125
11144991,2020/10/21,f,75,2,5
11369999,2020/10/22,f,79,1,6
10062315,2020/10/20,f,550,4,21
11145002,2020/10/19,f,60,1,1125
11373188,2020/10/22,f,99,3,1125
11374424,2020/10/20,f,50,28,1125
11145027,2020/10/19,f,329,,
11146767,2020/10/19,f,100,1,1125
10069202,2020/10/22,f,121,1,1125
11377313,2020/10/20,f,75,1,1125
11147279,2020/10/19,f,249,7,1125
11459171,2020/10/20,f,200,3,7
11378134,2020/10/20,f,225,1,1125
11459538,2020/10/20,f,160,1,1125
10069609,2020/10/20,f,925,1,1125
11380001,2020/10/20,f,59,1,5
11463374,2020/10/20,f,1500,2,1125
11395632,2020/10/20,f,500,1,1125
10071238,2020/10/22,f,199,3,1125
11396320,2020/10/22,f,250,1,1125
11469522,2020/10/22,f,150,2,29
11398275,2020/10/20,f,275,3,1125
10071591,2020/10/20,f,1360,30,1125
11400538,2020/10/20,f,91,2,1125
10096170,2020/10/20,f,29,28,31
11409366,2020/10/22,f,400,2,4
11473086,2020/10/20,f,68,3,30
10209163,2020/10/20,f,109,2,1125
10234161,2020/10/24,f,60,1,1125
11474166,2020/10/23,f,299,2,1125
11409492,2020/10/20,f,489,4,1125
11410715,2020/10/20,f,200,1,1125
11412040,2020/10/20,f,50,3,1125
11475165,2020/10/20,f,3000,1,1125
10248223,2020/10/22,f,625,1,1125
11478219,2020/10/20,t,150,9,1125
10254489,2020/10/20,f,132,5,365
11412838,2020/10/20,f,225,1,3
10268403,2020/10/20,f,300,3,30
11479813,2020/10/20,t,1550,3,1125
11413937,2020/10/20,f,199,1,1125
11480002,2020/10/20,f,120,2,1125
10268720,2020/10/20,f,305,1,1125
11480675,2020/10/20,f,350,1,1125
11414461,2020/10/20,f,75,1,1125
10273573,2020/10/20,f,33,3,1125
11415319,2020/10/20,f,89,3,365
11492087,2020/10/20,f,100,1,1125
11415697,2020/10/20,f,100,1,1125
10308994,2020/10/21,t,184,1,365
11417129,2020/10/22,f,65,3,28
11492549,2020/10/20,f,300,3,1125
11417837,2020/10/20,t,850,3,1125
10331035,2020/10/20,f,99,1,1125
11493326,2020/10/22,f,329,2,1125
11419100,2020/10/20,f,400,1,1125
11493357,2020/10/20,f,250,1,1125
11419443,2020/10/20,f,95,3,11
10336181,2020/10/20,f,149,1,1125
11493555,2020/10/20,f,150,1,1125
11421064,2020/10/24,f,170,2,1125
11495365,2020/10/20,f,199,1,1125
10355760,2020/10/20,f,75,4,14
11421176,2020/10/21,f,30,2,28
11496663,2020/10/20,f,350,5,14
11422242,2020/10/20,f,350,2,1125
10367683,2020/10/20,f,342,6,1125
11422368,2020/10/20,f,180,5,1125
11505260,2020/10/21,f,99,7,1125
11509185,2020/10/20,f,1200,4,14
11422502,2020/10/22,f,380,,
10377695,2020/10/20,f,62,2,17
11510301,2020/10/24,f,224,1,1125
11422671,2020/10/22,f,125,,
10382291,2020/10/20,f,87,1,1125
11510915,2020/10/20,f,45,1,14
11422986,2020/10/22,f,79,30,1125
11513518,2020/10/20,f,68,2,5
10391759,2020/10/22,f,70,2,28
11514631,2020/10/20,f,269,1,100
11519361,2020/10/20,f,77,1,30
11424382,2020/10/22,f,260,2,1125
11523081,2020/10/20,t,500,2,7
11525270,2020/10/20,f,350,1,1125
11431211,2020/10/20,f,1500,1,1125
10403040,2020/10/20,f,99,2,1125
11525286,2020/10/20,f,150,2,30
11432108,2020/10/20,f,400,3,1125
11434645,2020/10/20,f,40,1,1125
11526089,2020/10/20,f,195,1,1125
11526358,2020/10/20,f,175,1,1125
11435715,2020/10/22,f,80,1,1125
11438029,2020/10/20,f,800,1,1125
10408722,2020/10/20,f,89,2,1125
11526499,2020/10/22,t,52,1,1125
11438084,2020/10/22,t,200,1,1125
11526853,2020/10/24,f,59,1,1125
11438207,2020/10/20,f,1950,1,1125
11439003,2020/10/24,f,125,5,1125
11530645,2020/10/20,f,89,2,1125
11439333,2020/10/20,t,1200,3,10
10409985,2020/10/20,f,65,30,60
11440511,2020/10/22,f,130,,
11530655,2020/10/20,f,80,2,1125
11530758,2020/10/20,f,220,2,1125
11441874,2020/10/20,f,182,1,1125
11442375,2020/10/20,t,110,2,1125
11445450,2020/10/20,f,119,5,1125
11530802,2020/10/20,f,65,1,1125
10412406,2020/10/24,f,50,1,1125
11531248,2020/10/20,f,65,2,1125
11452028,2020/10/20,f,1300,1,1125
11455437,2020/10/20,f,291,2,1125
11532963,2020/10/20,f,120,30,120
10415975,2020/10/20,t,900,3,1125
11533715,2020/10/20,f,250,4,1125
11457218,2020/10/20,f,299,2,1125
11458508,2020/10/20,f,100,1,1125
11534656,2020/10/20,f,200,1,1125
11540342,2020/10/20,f,200,1,10
11458582,2020/10/20,f,200,1,1125
10426783,2020/10/22,f,110,2,1125
11545503,2020/10/20,f,58,1,1125
11674520,2020/10/24,f,300,3,5
11547181,2020/10/20,f,100,1,1125
10433894,2020/10/20,f,19,1,1125
11547507,2020/10/20,f,95,2,1125
11675903,2020/10/19,f,80,3,8
10438327,2020/10/20,f,250,4,1125
11676408,2020/10/22,f,90,2,1125
11548530,2020/10/24,f,495,30,30
11677163,2020/10/21,f,65,1,1125
10438383,2020/10/20,f,70,1,1125
11548720,2020/10/20,f,55,1,30
11548814,2020/10/20,f,106,1,1125
11677901,2020/10/19,f,450,1,1125
10438567,2020/10/22,f,90,3,1125
11554430,2020/10/20,f,90,2,12
11678109,2020/10/21,t,100,2,15
11678166,2020/10/19,f,165,1,1125
11554660,2020/10/20,f,29,1,1125
10451030,2020/10/20,f,80,2,14
11555193,2020/10/24,t,600,1,1125
10451710,2020/10/20,f,82,2,29
11556100,2020/10/22,f,350,3,1125
11678570,2020/10/19,f,1400,1,1125
10473026,2020/10/22,t,75,21,1125
11564804,2020/10/20,f,40,1,1125
11679110,2020/10/22,t,300,3,14
11679224,2020/10/19,f,375,3,9
11679274,2020/10/20,t,300,3,14
11568190,2020/10/20,f,65,2,7
11679545,2020/10/21,f,70,1,1125
10475500,2020/10/20,f,350,2,1125
11569513,2020/10/20,f,599,4,1125
11570934,2020/10/22,f,85,1,5
11679677,2020/10/22,f,150,,
10499836,2020/10/22,t,350,2,1125
11679773,2020/10/19,f,200,1,1125
10501614,2020/10/20,f,75,2,1125
11571468,2020/10/20,f,500,1,1125
11679824,2020/10/19,f,150,1,1125
11679830,2020/10/19,f,150,1,1125
11679913,2020/10/21,f,125,,
11581222,2020/10/22,f,65,1,6
11582325,2020/10/20,f,700,1,1125
11583653,2020/10/20,f,199,3,1124
10518831,2020/10/20,t,900,1,1125
11680816,2020/10/21,f,125,,
11584119,2020/10/20,f,99,2,1125
11681194,2020/10/24,t,450,4,60
10524453,2020/10/20,f,1400,2,1125
11586351,2020/10/22,f,300,1,1125
11586531,2020/10/22,f,200,2,5
11691484,2020/10/19,f,180,2,1125
10525454,2020/10/20,f,47,1,1125
11692487,2020/10/22,f,40,1,1125
11586693,2020/10/23,f,89,1,30
11692489,2020/10/22,f,69,1,1125
11588056,2020/10/20,f,130,2,1125
10526238,2020/10/20,f,100,4,1125
11695620,2020/10/24,f,399,2,1125
11695915,2020/10/19,f,99,2,29
11589535,2020/10/20,t,200,1,1125
10539443,2020/10/22,f,28,1,1125
11589978,2020/10/20,f,75,2,1125
11696466,2020/10/19,f,400,1,1125
10540208,2020/10/20,f,500,2,1125
11592042,2020/10/20,f,250,1,1125
10541666,2020/10/20,f,65,1,1125
11697789,2020/10/19,f,75,3,9
11592622,2020/10/22,f,175,,
11697819,2020/10/22,f,130,1,1125
11698570,2020/10/19,f,150,1,1125
11592645,2020/10/20,f,220,1,1125
10547716,2020/10/20,f,688,2,1125
10547747,2020/10/20,f,250,2,7
11700105,2020/10/24,t,250,1,1125
11594140,2020/10/22,f,60,2,1125
10551854,2020/10/20,f,75,1,1125
11701037,2020/10/21,t,120,3,1125
11596299,2020/10/22,f,325,,
11711429,2020/10/22,t,280,1,1125
11601524,2020/10/24,f,165,2,10
10569418,2020/10/20,f,400,2,1125
11712399,2020/10/22,t,75,2,10
11602651,2020/10/22,f,200,1,1125
11717286,2020/10/22,f,100,1,1125
11602685,2020/10/22,f,200,1,7
11717499,2020/10/24,f,100,2,7
11603186,2020/10/20,f,100,1,7
10571535,2020/10/20,f,29,3,1125
11719464,2020/10/22,f,599,1,1125
11604424,2020/10/21,f,200,1,1125
11604920,2020/10/20,f,750,3,10
11719566,2020/10/22,f,30,,
11719946,2020/10/19,f,27,1,1125
11720732,2020/10/22,f,175,1,1125
11721295,2020/10/22,f,250,1,1125
11605217,2020/10/20,f,200,5,1125
11607713,2020/10/20,f,195,1,1125
11722091,2020/10/22,f,700,1,1125
10576483,2020/10/20,f,25,1,1125
11608417,2020/10/22,f,75,1,1125
11722114,2020/10/19,f,27,1,1125
11731315,2020/10/22,f,200,1,1125
11608692,2020/10/22,f,130,2,2
11609296,2020/10/20,f,100,1,1125
11733783,2020/10/22,f,300,,
10576585,2020/10/20,f,65,1,1125
11609664,2020/10/20,f,150,1,20
11736631,2020/10/19,f,275,1,1125
11609810,2020/10/22,f,125,1,1125
10576853,2020/10/20,f,120,2,1125
11737028,2020/10/22,f,225,1,1125
11610023,2020/10/21,f,70,,
11739145,2020/10/19,f,399,1,1125
11611131,2020/10/20,f,450,2,1125
11740758,2020/10/19,f,99,1,1125
10586177,2020/10/24,f,450,2,90
11611799,2020/10/24,f,50,1,1125
11741468,2020/10/19,f,40,2,1125
11741607,2020/10/19,f,600,1,1125
11618517,2020/10/21,f,1250,3,11
10588060,2020/10/22,f,200,2,1125
11742342,2020/10/19,f,135,3,1125
11618910,2020/10/19,f,79,2,1125
11742431,2020/10/22,f,75,1,1125
10592588,2020/10/20,f,385,3,5
11619200,2020/10/19,f,600,1,1125
11743197,2020/10/22,f,250,,
10606818,2020/10/20,t,285,2,1125
11619880,2020/10/22,f,56,5,1125
11621288,2020/10/19,f,825,3,5
11754612,2020/10/22,f,75,1,1125
11755611,2020/10/22,f,150,3,1125
11757228,2020/10/20,f,100,2,1125
11621881,2020/10/21,f,600,,
11757966,2020/10/19,f,400,1,1125
11622012,2020/10/19,f,225,2,1125
10609096,2020/10/20,f,230,2,1125
11622156,2020/10/24,f,85,1,7
11771703,2020/10/22,f,95,1,1125
10611619,2020/10/20,f,300,7,120
11622259,2020/10/20,f,405,2,4
11622925,2020/10/19,f,399,2,4
11774995,2020/10/22,f,80,1,1125
11776350,2020/10/22,f,50,1,1125
10614407,2020/10/20,f,78,2,1125
11778403,2020/10/22,f,400,1,1125
11623077,2020/10/21,f,350,3,5
11624296,2020/10/21,f,150,1,1125
11791397,2020/10/21,f,95,2,7
11795213,2020/10/19,f,105,2,1125
11815241,2020/10/22,f,282,2,366
12516969,2020/10/20,t,500,2,12
11817159,2020/10/19,f,600,1,1125
11627169,2020/10/19,f,250,2,7
11631657,2020/10/22,f,125,2,1125
11819911,2020/10/20,f,65,1,1125
11635174,2020/10/22,f,44,1,1125
11636642,2020/10/19,f,160,1,1125
12519062,2020/10/19,f,55,30,1125
11828602,2020/10/22,f,85,2,14
11638016,2020/10/22,f,55,5,1125
11639572,2020/10/22,f,23,30,1125
11829345,2020/10/22,f,125,,
11834826,2020/10/23,f,150,1,1125
11639594,2020/10/19,f,100,1,1125
12534356,2020/10/22,f,80,3,1125
12538954,2020/10/20,f,119,2,1125
11857847,2020/10/19,f,399,2,1125
11641147,2020/10/21,f,175,1,1125
12561873,2020/10/22,f,385,5,9
11647509,2020/10/19,f,60,1,1125
11862327,2020/10/20,f,57,3,1125
11648935,2020/10/19,f,1250,4,1125
11865157,2020/10/22,f,60,1,1125
11869687,2020/10/19,f,54,2,1125
11652334,2020/10/19,f,59,1,1125
12582089,2020/10/22,f,250,2,10
11655031,2020/10/24,f,250,1,1125
11885526,2020/10/19,f,125,1,1125
11885610,2020/10/19,f,50,1,1125
12592680,2020/10/20,f,235,2,1125
11656211,2020/10/20,t,300,1,1125
11657055,2020/10/23,f,250,1,1125
11888785,2020/10/22,f,125,1,1125
12601763,2020/10/20,t,916,2,28
11907156,2020/10/20,f,75,31,360
11658430,2020/10/23,f,2000,7,1125
11659369,2020/10/22,t,750,3,30
12610805,2020/10/24,f,300,2,1125
11907813,2020/10/22,f,100,1,1125
11660347,2020/10/19,f,375,4,1125
12649673,2020/10/22,f,75,2,5
11660447,2020/10/19,f,89,3,1125
11931562,2020/10/19,f,20,1,1125
11666642,2020/10/19,f,150,1,1125
11937703,2020/10/24,f,149,45,999
11942944,2020/10/19,f,180,1,1125
12677064,2020/10/22,f,110,2,15
11670278,2020/10/19,f,40,1,1125
11673987,2020/10/20,f,500,2,1125
11959131,2020/10/22,f,86,1,1125
13658208,2020/10/22,f,85,5,180
12700824,2020/10/20,f,295,2,1125
12734278,2020/10/22,f,99,30,1125
11992594,2020/10/24,f,52,7,1125
13658216,2020/10/22,t,107,1,1125
12740106,2020/10/19,f,149,2,1125
13671245,2020/10/21,f,250,2,90
12016436,2020/10/22,f,129,4,1124
12021271,2020/10/20,t,119,2,1121
13685912,2020/10/21,t,475,2,1125
12762715,2020/10/19,f,60,1,1125
13693695,2020/10/19,f,125,1,4
12034873,2020/10/20,f,99,1,1125
13695279,2020/10/19,f,55,3,45
12035400,2020/10/20,t,299,3,1125
12765604,2020/10/19,f,85,1,180
13697265,2020/10/22,f,110,2,1125
12038787,2020/10/20,f,499,3,1125
13698295,2020/10/22,f,308,2,30
12042980,2020/10/20,f,600,3,1125
13699809,2020/10/21,t,595,2,14
12128562,2020/10/24,f,180,2,1125
12776715,2020/10/21,f,159,2,1125
13701593,2020/10/21,f,45,2,1125
12777558,2020/10/19,f,115,1,7
12782124,2020/10/19,f,95,1,1125
12131039,2020/10/20,t,175,1,1125
13713744,2020/10/21,f,445,3,1125
13714102,2020/10/19,f,50,1,3
12782860,2020/10/20,t,450,1,1125
12136858,2020/10/21,t,75,2,1125
13714763,2020/10/21,f,80,1,30
12791366,2020/10/24,f,100,7,30
12159095,2020/10/19,f,85,2,1125
13716298,2020/10/24,f,45,30,1125
12791898,2020/10/19,f,65,7,90
12165731,2020/10/22,f,19,30,365
13728800,2020/10/22,f,195,,
12808572,2020/10/24,f,80,30,190
13730122,2020/10/20,f,49,30,180
12194423,2020/10/20,f,39,1,28
12210361,2020/10/20,f,22,31,1125
12810943,2020/10/19,f,130,14,1125
13730506,2020/10/20,f,400,3,14
12223667,2020/10/24,f,191,1,365
12813352,2020/10/21,f,325,3,1125
13733969,2020/10/23,f,134,30,1125
12224361,2020/10/22,f,69,1,15
12827534,2020/10/21,f,450,3,1125
13746927,2020/10/22,f,725,3,1125
12249863,2020/10/19,f,75,1,5
12260867,2020/10/22,f,90,1,14
12291238,2020/10/19,f,125,2,1125
13766436,2020/10/21,f,150,,
12829465,2020/10/22,f,85,1,1125
12291701,2020/10/19,f,38,1,1125
13766999,2020/10/24,f,85,2,1125
12302534,2020/10/20,f,400,30,1125
13771211,2020/10/19,f,80,1,7
12832467,2020/10/21,f,250,3,1125
12308357,2020/10/20,f,144,1,21
13771324,2020/10/19,f,75,1,1125
12309900,2020/10/22,f,290,2,1125
13785841,2020/10/21,t,950,2,1125
12846564,2020/10/19,f,89,2,1125
12317081,2020/10/19,f,85,1,1125
13788818,2020/10/20,f,500,3,28
13800533,2020/10/21,f,75,1,1125
12336677,2020/10/24,f,25,28,200
12847393,2020/10/20,t,97,2,1125
13828639,2020/10/21,f,130,,
12337021,2020/10/19,f,53,1,4
12854136,2020/10/20,t,500,2,1125
13841198,2020/10/19,f,110,1,1125
12338100,2020/10/22,f,180,2,1125
13843877,2020/10/24,f,250,3,1125
12356632,2020/10/20,f,265,3,1125
12856237,2020/10/20,f,69,30,61
13848702,2020/10/20,f,49,28,1125
12366570,2020/10/19,f,115,2,1125
13858544,2020/10/24,f,315,2,1125
12865420,2020/10/22,f,65,29,1125
12385369,2020/10/19,f,55,1,7
13860164,2020/10/22,f,175,2,7
12866445,2020/10/19,f,400,2,1125
12395607,2020/10/22,f,100,31,31
13864346,2020/10/19,f,94,1,1125
12424459,2020/10/19,f,100,2,1125
13865143,2020/10/24,f,215,2,7
12868817,2020/10/19,f,200,2,1125
13866655,2020/10/20,f,82,2,1125
12431608,2020/10/24,f,179,4,1125
12872920,2020/10/20,f,40,90,1125
13867530,2020/10/24,f,74,1,20
12434404,2020/10/20,f,69,1,1125
12885992,2020/10/20,f,109,3,1125
13900462,2020/10/20,t,80,3,7
12889332,2020/10/19,f,25,29,400
12472546,2020/10/19,f,59,3,1125
12910442,2020/10/22,f,109,3,1125
13909405,2020/10/19,f,125,2,14
12482258,2020/10/22,f,2700,30,1000
12912837,2020/10/20,f,800,2,12
13912501,2020/10/21,f,225,2,7
13912882,2020/10/19,f,30,10,1125
12489539,2020/10/19,f,200,2,1125
13913337,2020/10/21,f,282,2,366
12916757,2020/10/22,f,64,1,60
13914938,2020/10/22,f,85,,
13941193,2020/10/20,f,95,2,1125
12917949,2020/10/20,f,450,3,90
13986233,2020/10/19,f,70,1,7
12928714,2020/10/19,f,160,2,9
13993741,2020/10/20,t,100,1,1125
12933402,2020/10/22,f,90,2,1125
12507805,2020/10/21,f,105,30,1125
13994501,2020/10/20,f,175,3,1125
14009283,2020/10/21,f,50,15,45
12513831,2020/10/21,f,36,30,1125
14575388,2020/10/22,f,202,2,1125
14024045,2020/10/20,f,74,2,1125
12941286,2020/10/23,f,150,2,1125
14026446,2020/10/20,f,79,30,1125
14575753,2020/10/19,f,31,2,17
12946025,2020/10/19,f,95,1,1125
14587157,2020/10/20,t,995,2,1125
14039805,2020/10/19,f,35,2,4
14595080,2020/10/23,f,125,1,5
12948242,2020/10/19,f,50,3,1125
14055197,2020/10/21,f,5000,,
14603194,2020/10/20,f,1600,3,14
14057627,2020/10/19,f,54,3,1125
14609621,2020/10/19,f,150,1,1125
12954798,2020/10/19,f,65,1,3
14611024,2020/10/21,f,90,1,1125
14057733,2020/10/24,f,102,30,1125
14068513,2020/10/21,f,282,2,366
14069226,2020/10/22,f,282,,
14614986,2020/10/22,f,89,30,1125
14069620,2020/10/21,f,282,2,366
12962587,2020/10/22,t,150,3,1125
14616676,2020/10/22,f,182,1,60
14069621,2020/10/21,f,199,2,1125
14627824,2020/10/20,f,90,2,14
14069917,2020/10/22,f,282,2,366
14631218,2020/10/19,f,85,1,5
14070258,2020/10/21,f,282,2,366
12964897,2020/10/21,t,495,3,1125
14632346,2020/10/22,f,49,1,1125
14071933,2020/10/21,f,282,2,366
12983697,2020/10/22,f,116,3,10
14636770,2020/10/22,f,236,,
14072370,2020/10/21,f,282,2,366
14652041,2020/10/22,f,300,2,1125
14072680,2020/10/22,f,282,,
12988794,2020/10/19,f,2250,2,1125
12991767,2020/10/20,f,100,3,6
14073051,2020/10/22,f,282,2,366
14671618,2020/10/22,f,127,2,90
14073415,2020/10/23,f,282,2,366
14073594,2020/10/22,f,282,2,366
14671731,2020/10/24,f,167,2,1125
13045515,2020/10/24,f,144,3,12
14671902,2020/10/22,f,395,7,1125
14074010,2020/10/22,f,282,,
14074230,2020/10/21,f,282,2,366
14685097,2020/10/19,f,100,1,1125
13055125,2020/10/19,f,99,2,1125
14077729,2020/10/22,f,85,30,180
14697359,2020/10/20,f,199,2,1125
13096566,2020/10/22,f,72,90,150
14091889,2020/10/19,f,80,1,7
14706958,2020/10/22,f,91,,
14091950,2020/10/20,f,65,1,1125
14093766,2020/10/22,f,109,2,10
14708252,2020/10/22,f,165,2,1125
14709100,2020/10/22,f,55,2,12
14093781,2020/10/19,f,50,1,1125
14104728,2020/10/19,f,98,2,1125
14729699,2020/10/20,f,150,43,43
13111137,2020/10/19,f,82,2,1125
14124451,2020/10/22,f,79,4,100
14731134,2020/10/19,f,125,3,1125
14733271,2020/10/22,f,699,4,25
14741664,2020/10/24,f,149,2,1125
14126411,2020/10/19,f,78,2,1125
14126780,2020/10/22,f,270,2,5
14127190,2020/10/20,f,75,2,1125
14745552,2020/10/21,f,79,1,1125
14745824,2020/10/22,t,110,1,1124
14747078,2020/10/24,f,75,1,30
14127832,2020/10/24,f,35,2,6
14143642,2020/10/21,t,77,1,1125
14750497,2020/10/24,f,60,2,1125
13112064,2020/10/19,f,150,3,5
13115533,2020/10/21,t,350,2,1125
14756717,2020/10/19,f,89,2,1125
14149815,2020/10/22,f,48,,
14163920,2020/10/22,f,500,3,7
13117051,2020/10/19,f,115,2,60
14166836,2020/10/22,f,649,2,1125
14758039,2020/10/20,f,100,1,1125
14769253,2020/10/20,f,110,1,1125
13123061,2020/10/19,f,50,1,1125
14186189,2020/10/19,f,115,2,1125
14773140,2020/10/22,f,169,2,1125
13124561,2020/10/22,f,129,,
14198704,2020/10/19,f,150,1,1125
14775358,2020/10/21,f,199,2,1125
14205388,2020/10/20,f,37,29,1125
14784589,2020/10/21,f,107,2,1125
13126667,2020/10/21,f,35,5,1125
14205488,2020/10/22,f,37,29,1125
14213692,2020/10/19,f,91,1,7
14785315,2020/10/22,f,250,30,365
13128065,2020/10/21,f,42,1,1125
14785881,2020/10/22,f,75,2,1125
14220861,2020/10/22,f,37,30,1125
13140432,2020/10/19,f,235,2,60
14220930,2020/10/22,f,37,30,1125
14788200,2020/10/22,f,45,,
14789393,2020/10/20,f,60,30,365
14221592,2020/10/20,f,16,30,1125
13152496,2020/10/20,f,190,2,1125
14808239,2020/10/20,f,700,1,1125
14820133,2020/10/20,f,65,2,1125
13154457,2020/10/24,f,270,2,10
14824538,2020/10/20,f,82,30,120
14248025,2020/10/20,t,49,30,1125
14249237,2020/10/19,f,40,1,30
13172684,2020/10/22,f,100,1,1125
14825009,2020/10/22,t,69,3,1125
14253492,2020/10/20,f,179,1,1125
14266336,2020/10/22,f,325,3,12
13172754,2020/10/22,f,50,1,1125
14834774,2020/10/22,f,170,2,7
13185122,2020/10/22,f,349,3,10
14268142,2020/10/20,f,85,2,60
14281779,2020/10/20,f,89,3,1125
14844106,2020/10/22,f,175,7,1125
14282301,2020/10/24,f,550,2,1125
13185632,2020/10/22,t,85,2,1125
14857970,2020/10/22,f,92,3,1125
13188368,2020/10/22,f,475,1,1125
14282701,2020/10/22,f,36,1,7
14869837,2020/10/22,f,123,150,1125
14880081,2020/10/22,f,135,2,1125
13201325,2020/10/24,f,495,3,30
14303616,2020/10/19,f,124,1,1125
14304274,2020/10/24,f,599,4,1125
14882299,2020/10/22,f,149,2,1125
14317580,2020/10/19,f,390,2,7
14352406,2020/10/19,f,449,3,1125
13207693,2020/10/22,f,45,1,7
14894891,2020/10/19,f,550,2,1125
13259299,2020/10/19,f,150,2,1125
14367760,2020/10/20,f,185,2,1125
13264610,2020/10/19,f,50,1,1125
14895186,2020/10/20,t,88,2,10
14384238,2020/10/22,f,37,29,1125
14387270,2020/10/20,f,180,2,1125
13266376,2020/10/22,f,40,2,5
14389781,2020/10/22,f,400,3,30
14900344,2020/10/21,f,249,30,1125
13275119,2020/10/24,f,150,2,1125
14900580,2020/10/20,f,130,2,30
14902411,2020/10/20,f,89,2,1125
14419925,2020/10/19,f,175,2,5
14914673,2020/10/19,f,98,3,29
14430270,2020/10/24,f,99,1,7
13280573,2020/10/22,f,35,14,90
14463342,2020/10/24,f,16,29,1125
14915835,2020/10/20,f,375,2,1125
13291056,2020/10/22,f,140,,
14474805,2020/10/22,f,659,3,1125
14919245,2020/10/21,f,53,1,1125
14483719,2020/10/22,f,16,,
14927066,2020/10/20,t,195,2,1125
13296710,2020/10/24,f,60,2,31
14485320,2020/10/22,f,76,,
14488932,2020/10/22,f,500,3,1125
14930867,2020/10/22,f,99,2,1125
14932658,2020/10/19,f,375,2,5
14490326,2020/10/20,f,110,2,8
13298454,2020/10/20,f,393,1,1125
14944888,2020/10/21,f,40,31,364
14949492,2020/10/20,f,89,3,1125
14501733,2020/10/22,f,111,1,1125
13311143,2020/10/19,f,60,20,35
14961407,2020/10/20,f,163,2,1125
14518503,2020/10/21,f,95,2,1125
14520673,2020/10/19,f,50,1,1125
14964688,2020/10/20,f,85,30,1125
14536154,2020/10/23,f,250,2,1125
13317425,2020/10/22,f,55,1,1125
14966345,2020/10/22,f,100,2,1125
13330795,2020/10/22,f,85,30,180
14536507,2020/10/20,t,69,2,365
14969194,2020/10/22,f,1010,1,1125
14551167,2020/10/22,f,600,1,20
14979866,2020/10/24,f,36,1,1125
14983224,2020/10/22,t,250,2,1125
13331419,2020/10/22,t,99,1,1125
14984942,2020/10/20,f,125,2,1125
15178222,2020/10/20,f,55,1,1125
13331821,2020/10/19,f,70,1,1125
14989549,2020/10/22,f,225,2,1125
13343297,2020/10/19,f,18,1,3
13345029,2020/10/22,f,95,2,30
15178907,2020/10/19,f,200,1,1125
13361970,2020/10/22,f,30,1,13
14991271,2020/10/21,f,300,2,1125
15182719,2020/10/20,f,500,2,1125
14993882,2020/10/20,f,200,2,1125
13376382,2020/10/24,f,100,1,14
15191175,2020/10/22,f,71,2,1125
15192607,2020/10/24,f,50,10,31
13390450,2020/10/22,f,69,,
14995082,2020/10/20,f,350,150,365
15004681,2020/10/22,f,300,2,1125
15194730,2020/10/24,f,212,3,1125
15195530,2020/10/22,f,220,,
13394093,2020/10/22,f,1250,2,3
15004779,2020/10/19,f,109,2,31
15201391,2020/10/20,f,525,1,1125
13404978,2020/10/22,f,75,,
15006546,2020/10/22,f,85,2,10
15205439,2020/10/24,f,46,1,5
15008897,2020/10/22,f,79,2,1125
15206817,2020/10/19,f,68,1,30
15208027,2020/10/21,t,120,2,1125
15010098,2020/10/20,f,125,2,1125
15208205,2020/10/20,t,145,2,14
13410286,2020/10/22,f,125,,
15216392,2020/10/19,f,625,2,15
15018327,2020/10/19,f,200,2,5
15217595,2020/10/21,f,15,2,6
15018860,2020/10/22,f,57,1,5
13436608,2020/10/22,f,88,1,1125
15023525,2020/10/22,f,60,1,1125
15220915,2020/10/21,t,120,1,1125
15025313,2020/10/20,f,196,2,1125
15221277,2020/10/21,t,39,2,1125
15025407,2020/10/20,f,1700,1,3
15026051,2020/10/22,f,200,3,1125
15232873,2020/10/23,f,150,3,1125
15233818,2020/10/19,f,139,1,3
15026461,2020/10/21,f,500,1,1125
13436718,2020/10/21,f,85,90,1125
15235776,2020/10/24,f,125,2,7
15034794,2020/10/20,f,16,30,1125
15236490,2020/10/22,f,450,3,28
15035937,2020/10/21,f,125,3,1125
15239043,2020/10/24,f,53,1,21
13451793,2020/10/24,f,111,2,12
15037867,2020/10/23,f,210,1,1125
15041151,2020/10/22,f,46,30,1125
15239666,2020/10/21,t,200,2,1125
15042047,2020/10/22,f,99,1,1125
15241699,2020/10/20,f,45,1,95
15251022,2020/10/19,f,60,1,3
13465393,2020/10/20,f,75,2,1125
15043605,2020/10/19,f,150,1,1125
15052633,2020/10/21,f,39,2,1125
13468074,2020/10/23,f,600,2,10
15255134,2020/10/21,f,180,3,1125
15056465,2020/10/22,f,339,2,1125
15268290,2020/10/22,f,140,1,1125
13471658,2020/10/22,f,145,3,5
15063141,2020/10/22,f,375,1,14
15270093,2020/10/20,f,134,1,1125
15271035,2020/10/22,f,200,3,1125
15272817,2020/10/22,f,47,,
15274691,2020/10/22,f,45,2,1125
15067536,2020/10/20,f,69,2,1125
13481212,2020/10/20,f,150,30,1125
15283295,2020/10/20,f,129,3,45
15283358,2020/10/21,f,25,1,1125
15284276,2020/10/22,f,350,2,1125
15286052,2020/10/22,f,115,2,1125
15073482,2020/10/22,f,145,2,1125
15074079,2020/10/20,f,90,1,5
15288554,2020/10/20,f,200,1,7
13488614,2020/10/22,t,368,,
15074147,2020/10/20,t,199,2,1125
15081404,2020/10/22,f,49,1,1125
15086376,2020/10/21,t,549,2,1125
15288883,2020/10/19,f,699,2,1125
15295822,2020/10/19,f,220,1,2
15299266,2020/10/19,f,120,1,5
15095118,2020/10/22,f,198,2,1125
15302918,2020/10/24,f,150,1,1125
15315326,2020/10/20,t,72,2,12
15095434,2020/10/20,t,70,1,1125
15109468,2020/10/24,f,23,29,1125
15113719,2020/10/21,f,350,2,10
15320796,2020/10/20,f,400,1,1125
15321919,2020/10/21,f,84,2,1125
15322178,2020/10/19,f,112,2,30
15328292,2020/10/22,f,108,1,1125
15126491,2020/10/21,f,149,2,1125
15129444,2020/10/22,f,125,2,14
15131211,2020/10/22,f,59,1,1125
15340470,2020/10/21,f,550,3,1125
13514513,2020/10/19,f,85,3,1125
15133009,2020/10/22,f,60,3,30
15340498,2020/10/22,f,139,2,1125
15352438,2020/10/20,f,98,1,1125
15134322,2020/10/19,f,68,1,7
15354374,2020/10/22,f,83,2,1124
13531233,2020/10/20,f,32,30,1125
15140062,2020/10/24,f,875,3,1125
15142337,2020/10/20,f,450,3,1125
15142756,2020/10/19,f,79,2,7
15357469,2020/10/19,f,400,8,14
15358164,2020/10/19,f,400,3,14
15360963,2020/10/20,f,90,2,1125
15144908,2020/10/22,t,225,1,1125
15157293,2020/10/19,f,65,2,30
15369790,2020/10/21,t,165,2,1125
15371925,2020/10/24,f,97,2,5
15390390,2020/10/22,f,220,,
15164722,2020/10/24,f,73,2,1125
15392269,2020/10/24,f,195,2,1125
15164840,2020/10/22,f,22,1,7
15173766,2020/10/19,f,120,2,1125
13531785,2020/10/22,f,200,2,1125
15393879,2020/10/22,f,179,30,365
15175581,2020/10/19,f,150,2,13
15176735,2020/10/22,f,300,3,1125
15395312,2020/10/22,t,295,3,1125
15395320,2020/10/20,f,82,2,1125
15918079,2020/10/20,f,450,3,10
15398584,2020/10/20,f,900,2,14
15918259,2020/10/22,f,195,2,1125
15924104,2020/10/20,f,119,2,1125
15407209,2020/10/21,f,150,1,1125
15422675,2020/10/20,f,49,7,1125
15425423,2020/10/20,f,199,2,1125
15940810,2020/10/24,f,250,2,30
13532009,2020/10/19,f,53,1,1125
15942648,2020/10/20,f,99,2,1125
15943159,2020/10/21,f,45,25,1125
15449350,2020/10/20,f,400,28,1125
13547688,2020/10/19,f,70,1,7
15453331,2020/10/21,t,400,1,1125
15954561,2020/10/22,f,25,2,2
15956612,2020/10/22,f,115,2,1125
15463618,2020/10/22,f,160,2,10
15966725,2020/10/22,f,120,2,1125
15471021,2020/10/22,f,200,2,3
15480531,2020/10/21,t,600,1,1125
15480908,2020/10/21,t,350,1,1125
15972856,2020/10/20,f,99,60,365
15482188,2020/10/20,f,150,2,10
15485824,2020/10/20,f,84,1,1125
15973262,2020/10/22,f,28,10,29
15977128,2020/10/22,f,235,3,1125
13565075,2020/10/23,f,19,1,1125
15512987,2020/10/20,f,1250,10,1125
15517911,2020/10/22,f,225,30,1125
15985678,2020/10/22,f,85,1,1125
15987775,2020/10/19,f,115,2,8
15990274,2020/10/21,f,32,30,300
15530669,2020/10/22,f,190,,
16014403,2020/10/22,f,33,1,5
15548614,2020/10/22,f,200,,
13565904,2020/10/19,f,55,1,1125
15549350,2020/10/22,t,1500,1,6
16038780,2020/10/19,f,65,1,3
16055940,2020/10/20,f,150,3,1125
15551300,2020/10/20,f,1000,1,7
15552468,2020/10/20,t,89,2,1125
16066797,2020/10/24,f,750,2,1125
13571814,2020/10/22,f,76,3,1125
15564640,2020/10/20,t,169,2,1125
15565279,2020/10/21,f,126,1,1125
16071870,2020/10/24,f,100,1,4
16071914,2020/10/22,f,28,1,4
16073133,2020/10/19,f,125,2,14
15565777,2020/10/20,f,125,3,1125
16094172,2020/10/24,f,295,2,1125
13576771,2020/10/20,f,55,2,1125
16123808,2020/10/20,f,500,3,8
15582587,2020/10/24,f,500,2,10
15603943,2020/10/19,f,52,2,1125
16124855,2020/10/20,f,129,2,1125
16143626,2020/10/19,f,100,2,1125
15609359,2020/10/22,f,20,7,1125
16146024,2020/10/22,f,899,,
15613286,2020/10/22,f,73,2,14
13585864,2020/10/21,f,150,2,270
16157135,2020/10/20,f,99,1,1125
15617401,2020/10/24,t,87,1,2
16158963,2020/10/19,f,200,1,14
16163890,2020/10/19,f,111,2,1125
15629805,2020/10/22,f,131,1,1125
15632001,2020/10/20,f,169,3,1125
16186851,2020/10/20,f,80,30,365
13588379,2020/10/20,f,50,1,1125
15634528,2020/10/21,t,249,2,1125
16188859,2020/10/23,f,120,2,1125
15650338,2020/10/22,f,63,2,5
16190079,2020/10/20,f,25,1,7
13615667,2020/10/19,f,25,1,1125
15657024,2020/10/19,f,59,1,30
16191306,2020/10/22,f,222,2,1125
15657252,2020/10/21,f,150,1,1125
13631037,2020/10/20,f,146,30,328
16194494,2020/10/24,f,40,1,1125
15657722,2020/10/21,t,780,30,1125
15661329,2020/10/22,f,600,,
16207501,2020/10/22,f,1250,3,1125
13634961,2020/10/22,f,65,,
15665823,2020/10/20,t,810,2,1125
15673476,2020/10/20,f,75,30,1125
13635234,2020/10/19,f,70,1,7
16215891,2020/10/24,t,361,2,1125
16215954,2020/10/20,f,135,1,1125
13641416,2020/10/21,f,650,3,1125
16219766,2020/10/20,f,240,3,1125
15675107,2020/10/20,f,500,3,1125
16220910,2020/10/22,f,60,3,1125
15706243,2020/10/22,f,60,1,1125
13650495,2020/10/19,f,20,1,2
15706510,2020/10/22,f,82,3,1125
16229534,2020/10/19,f,200,1,1125
16808959,2020/10/20,f,850,7,14
16231984,2020/10/21,f,60,30,60
15720390,2020/10/22,f,85,3,12
15725389,2020/10/20,f,599,2,1125
16236845,2020/10/20,f,402,1,1125
16238095,2020/10/22,f,150,30,180
15726925,2020/10/20,f,495,4,451
15729240,2020/10/20,f,1400,2,1125
16240199,2020/10/19,f,118,1,7
16811720,2020/10/20,t,699,2,10
16254209,2020/10/22,f,599,,
15735137,2020/10/20,f,125,2,1125
15745163,2020/10/22,f,195,1,10
16811907,2020/10/21,f,99,2,1125
16255305,2020/10/23,t,300,2,7
15770357,2020/10/24,f,90,1,100
16255356,2020/10/22,t,999,3,1125
16811969,2020/10/21,f,125,1,365
15770992,2020/10/24,f,28,2,45
16266984,2020/10/21,t,595,3,1125
16813648,2020/10/19,f,91,1,21
16268096,2020/10/20,t,10000,30,1125
16814846,2020/10/21,t,125,2,1125
15787262,2020/10/20,f,499,2,10
16274377,2020/10/22,f,550,3,60
16287572,2020/10/22,f,150,2,1125
15792064,2020/10/23,f,160,2,1125
16827775,2020/10/23,f,170,3,60
16289813,2020/10/20,f,83,30,1125
15799378,2020/10/22,f,94,1,1125
15802175,2020/10/19,f,70,1,7
16293024,2020/10/20,t,935,1,1125
16830378,2020/10/21,t,90,1,1125
15826995,2020/10/20,f,75,1,1125
16297180,2020/10/21,t,58,1,1125
16314405,2020/10/23,t,135,2,1125
15830951,2020/10/19,f,200,2,1125
16830532,2020/10/21,f,102,1,1125
16334187,2020/10/22,f,200,,
16338748,2020/10/20,f,150,2,4
16831133,2020/10/24,f,79,2,30
16842314,2020/10/24,f,165,5,1125
15834227,2020/10/20,t,305,1,7
16342694,2020/10/23,f,147,1,5
15873476,2020/10/22,t,33,2,1125
16844150,2020/10/23,t,600,1,3
16379302,2020/10/20,f,700,2,1125
15873822,2020/10/22,f,94,2,1125
16408376,2020/10/22,f,149,3,1125
15876377,2020/10/22,f,62,2,14
16844630,2020/10/22,f,319,2,1125
16415063,2020/10/24,f,400,31,1125
16846660,2020/10/20,f,599,2,1125
15886011,2020/10/20,f,230,1,1125
16423095,2020/10/22,f,795,3,14
16846774,2020/10/19,f,95,2,1125
15901939,2020/10/19,f,125,2,8
16441465,2020/10/22,t,1500,1,1125
15902862,2020/10/24,f,64,30,1125
16857588,2020/10/21,t,550,3,7
15916842,2020/10/20,f,1000,4,30
16857665,2020/10/21,f,1000,4,6
17193846,2020/10/19,f,110,1,1125
16857951,2020/10/19,f,425,2,10
16464205,2020/10/19,f,300,2,3
16858716,2020/10/20,f,90,1,1125
16478763,2020/10/19,f,45,7,1125
17206740,2020/10/23,f,355,2,1125
16858784,2020/10/19,f,40,2,1125
16479513,2020/10/20,f,189,45,1125
17207169,2020/10/19,f,150,2,1125
17209015,2020/10/20,f,27,1,1125
16480521,2020/10/19,f,300,2,1125
16486522,2020/10/22,f,59,2,1125
16869933,2020/10/20,t,59,30,1125
17209248,2020/10/19,f,89,30,1125
16514509,2020/10/19,f,350,1,1125
17213038,2020/10/20,t,849,2,10
16870186,2020/10/19,f,64,1,14
16516193,2020/10/19,f,69,4,190
17217284,2020/10/20,f,135,30,1125
16516318,2020/10/19,f,250,2,1125
17219191,2020/10/19,f,195,1,365
16517121,2020/10/19,f,40,1,1125
17223369,2020/10/19,f,500,3,8
16870469,2020/10/20,t,599,2,7
16518202,2020/10/22,f,30,10,90
17224505,2020/10/19,f,325,3,1125
17232532,2020/10/20,f,40,1,1125
16534724,2020/10/20,t,106,2,17
16545023,2020/10/19,f,85,1,5
17234094,2020/10/20,f,375,3,1125
17235148,2020/10/19,f,125,2,8
16569166,2020/10/20,t,65,1,1125
17235655,2020/10/19,f,320,4,1125
17237447,2020/10/19,f,160,3,7
16578343,2020/10/22,f,300,2,7
16585918,2020/10/22,f,135,30,365
17237550,2020/10/19,f,287,2,1125
16586062,2020/10/20,f,650,4,1125
16871045,2020/10/23,f,89,4,28
17237907,2020/10/23,f,119,2,1125
16588364,2020/10/22,f,112,2,5
17238326,2020/10/20,f,520,2,1125
16615311,2020/10/19,f,150,2,3
16619604,2020/10/21,t,180,1,30
16620630,2020/10/19,f,34,1,10
16628889,2020/10/23,f,130,1,1125
17239710,2020/10/21,f,76,4,1125
17240128,2020/10/24,f,59,5,1125
16872790,2020/10/19,f,87,3,1125
17240270,2020/10/22,f,95,2,30
16628934,2020/10/20,f,1200,3,10
16633368,2020/10/20,f,30,1,10
17249234,2020/10/20,f,140,2,7
16633461,2020/10/22,f,2000,3,1125
17251466,2020/10/24,f,150,1,1125
16646919,2020/10/20,f,298,2,1125
16873524,2020/10/24,f,75,1,1125
17254260,2020/10/24,f,242,3,1125
16649075,2020/10/22,f,16,30,1125
16873914,2020/10/22,f,125,30,200
16661758,2020/10/20,f,65,1,2
17254505,2020/10/22,t,300,,
16880043,2020/10/20,t,350,3,1125
16665777,2020/10/22,t,55,2,1125
17255053,2020/10/22,t,1400,2,1125
16670960,2020/10/22,f,99,2,1125
16880422,2020/10/19,f,599,2,7
17255736,2020/10/19,f,175,3,1125
16677799,2020/10/21,f,35,1,5
17256857,2020/10/19,f,75,1,1125
16881707,2020/10/20,f,149,2,1125
16691554,2020/10/22,f,89,,
17257163,2020/10/20,f,80,30,1125
16882140,2020/10/24,f,360,1,1125
16700978,2020/10/20,f,768,2,1125
16701061,2020/10/20,f,239,2,1125
17257259,2020/10/20,f,75,3,14
16894043,2020/10/24,f,182,2,12
17257953,2020/10/21,t,99,1,365
16701084,2020/10/19,f,6833,2,1125
16701091,2020/10/21,f,543,2,1125
17263419,2020/10/20,f,800,2,1125
16704551,2020/10/22,f,97,1,1125
16896958,2020/10/19,f,150,1,90
16704638,2020/10/22,f,2247,2,1125
17266995,2020/10/21,f,300,,
17268492,2020/10/19,f,190,2,1125
16704640,2020/10/21,f,5351,2,1125
16897411,2020/10/24,f,100,2,1125
17270198,2020/10/19,f,193,3,16
16704645,2020/10/20,f,92,2,1125
16908383,2020/10/22,f,85,2,1125
16704699,2020/10/24,f,134,2,1125
17278430,2020/10/21,f,123,4,60
17280819,2020/10/20,f,390,3,10
16710494,2020/10/22,f,80,2,1125
16910263,2020/10/19,f,60,3,6
17283796,2020/10/20,f,75,4,14
16720467,2020/10/21,f,225,3,1125
17286465,2020/10/19,f,1750,2,1125
16726636,2020/10/19,f,134,1,365
16910804,2020/10/20,f,78,30,60
17292325,2020/10/19,f,70,2,1125
16736195,2020/10/20,f,55,1,1125
16750533,2020/10/19,f,249,1,1125
17314961,2020/10/22,f,70,,
16768276,2020/10/21,f,190,2,1125
17316306,2020/10/24,f,587,2,30
16768495,2020/10/20,f,150,1,5
16912016,2020/10/22,f,28,2,14
17317220,2020/10/21,f,389,4,12
16768939,2020/10/21,t,96,1,1125
16913180,2020/10/20,f,165,1,30
17317756,2020/10/24,f,300,3,10
16771394,2020/10/19,f,225,2,12
17318627,2020/10/22,f,109,30,365
17319828,2020/10/20,f,102,30,1125
16775575,2020/10/22,f,108,1,21
16913365,2020/10/21,f,381,2,1125
16779421,2020/10/19,f,130,7,35
16916881,2020/10/19,f,100,3,10
17323446,2020/10/22,f,69,1,1125
17327290,2020/10/22,f,155,2,1125
16780131,2020/10/19,f,150,3,10
17328081,2020/10/19,f,400,4,7
16928591,2020/10/22,f,600,2,10
16783177,2020/10/19,f,105,2,1125
16797397,2020/10/20,f,385,4,1125
17331488,2020/10/20,f,191,1,1125
16933909,2020/10/24,f,30,1,1125
16804040,2020/10/19,f,45,1,1125
16807575,2020/10/22,f,180,2,1125
17332354,2020/10/19,f,80,10,60
16939027,2020/10/20,f,75,2,1125
17340239,2020/10/22,f,35,1,1125
16940438,2020/10/19,f,35,2,1125
17514125,2020/10/21,f,1000,2,1125
17342893,2020/10/21,f,800,2,14
17514280,2020/10/21,t,150,3,11
16940564,2020/10/21,t,100,3,360
17343624,2020/10/21,f,40,2,8
17514673,2020/10/19,f,50,1,7
16941416,2020/10/20,f,959,2,1125
17344459,2020/10/19,f,140,2,1125
17345973,2020/10/19,f,99,2,1125
17358165,2020/10/20,t,499,2,60
17516270,2020/10/20,f,400,1,1125
16942578,2020/10/22,f,665,3,4
17361724,2020/10/21,f,500,2,1125
17516756,2020/10/20,f,500,1,1125
16942838,2020/10/19,f,160,2,1125
17516954,2020/10/19,f,76,2,1125
17362944,2020/10/20,f,126,2,1125
17365159,2020/10/20,f,135,2,1125
17522639,2020/10/21,f,239,2,10
16943185,2020/10/20,f,109,2,1125
17526840,2020/10/23,f,500,1,1125
17369527,2020/10/21,f,149,2,30
16946016,2020/10/21,f,41,30,1125
17530065,2020/10/19,f,200,1,12
17379787,2020/10/19,f,130,2,7
17531011,2020/10/22,f,70,,
16946034,2020/10/22,f,55,3,1125
17531154,2020/10/21,f,550,3,1125
17383935,2020/10/19,f,50,30,1125
16946888,2020/10/22,f,300,2,3
17531219,2020/10/22,f,675,2,1125
17385294,2020/10/21,f,150,1,1125
16962045,2020/10/21,f,80,1,2
17531239,2020/10/24,f,145,2,14
17385767,2020/10/22,f,109,1,1125
17532515,2020/10/19,f,180,2,12
16962076,2020/10/20,f,129,1,200
17387404,2020/10/22,f,93,1,1125
17532925,2020/10/22,f,189,30,999
17388830,2020/10/20,f,139,2,1125
16964403,2020/10/24,t,1500,3,10
17540870,2020/10/19,f,600,2,10
17541483,2020/10/19,f,250,2,1125
17393899,2020/10/22,f,105,1,14
17542748,2020/10/24,f,500,1,14
17400093,2020/10/20,f,400,7,7
16965052,2020/10/20,f,95,7,1125
17542969,2020/10/24,f,52,1,14
17403078,2020/10/20,f,1000,3,10
17543321,2020/10/22,f,45,1,14
17408151,2020/10/24,f,149,2,31
17543455,2020/10/20,f,99,3,1125
16972038,2020/10/22,f,50,2,1125
17415121,2020/10/21,f,150,1,12
17543873,2020/10/20,t,995,1,30
17416292,2020/10/21,f,55,1,31
17416565,2020/10/19,f,875,7,10
17418016,2020/10/20,f,450,7,1125
17545365,2020/10/20,t,79,1,1125
17545554,2020/10/19,f,32,1,1125
16973996,2020/10/20,f,199,3,14
17420498,2020/10/24,f,23,29,1125
17420918,2020/10/24,f,75,3,45
17545745,2020/10/19,f,165,1,67
17546604,2020/10/19,f,60,1,1125
16986846,2020/10/20,f,270,3,1125
17421002,2020/10/22,f,111,28,1125
17547673,2020/10/19,f,200,1,1125
17421057,2020/10/20,t,500,7,240
17554076,2020/10/24,f,75,2,7
16987710,2020/10/19,f,84,3,1125
17422965,2020/10/21,f,80,1,1125
17556135,2020/10/24,f,175,3,1125
16995258,2020/10/20,f,200,2,10
17429565,2020/10/22,f,50,30,35
17556210,2020/10/22,f,120,1,1125
17434991,2020/10/19,f,300,2,1125
17557861,2020/10/20,f,2050,3,8
16996670,2020/10/20,t,832,1,1125
17436310,2020/10/24,f,160,2,8
17557972,2020/10/20,f,105,1,1125
17437370,2020/10/19,f,800,1,10
17559799,2020/10/21,f,125,,
17559954,2020/10/19,f,59,1,1125
17566215,2020/10/19,f,26,28,120
17437940,2020/10/24,f,499,1,1125
16997167,2020/10/19,f,99,1,1125
17567587,2020/10/22,f,419,2,1125
16997691,2020/10/22,f,288,1,1125
17443832,2020/10/22,f,118,4,1125
17568804,2020/10/20,f,118,3,1125
16997868,2020/10/19,f,59,1,1125
16998086,2020/10/22,f,115,30,1125
17446923,2020/10/21,f,65,3,1125
17569863,2020/10/24,f,200,3,7
17571974,2020/10/21,f,1200,1,6
17447748,2020/10/19,f,515,3,14
17572567,2020/10/20,f,45,1,1125
17448282,2020/10/22,f,71,3,28
17573194,2020/10/21,f,200,3,1125
17573927,2020/10/19,f,75,1,1125
17456539,2020/10/19,f,1800,4,15
17574090,2020/10/19,f,115,28,90
16999421,2020/10/22,f,117,3,29
17460728,2020/10/20,f,500,3,3
17574920,2020/10/21,f,129,3,1125
17462007,2020/10/19,f,300,1,10
17006636,2020/10/22,f,650,3,1125
17464398,2020/10/19,f,55,1,1125
17576092,2020/10/21,f,2500,3,1125
17584105,2020/10/19,f,229,3,12
17465421,2020/10/19,f,80,1,1125
17009437,2020/10/20,f,75,1,7
17013403,2020/10/19,f,20,1,1125
17586259,2020/10/20,f,51,2,1125
17472823,2020/10/20,t,500,2,60
17586715,2020/10/19,f,100,2,1125
17474211,2020/10/19,f,150,1,7
17024455,2020/10/22,f,230,2,10
17477168,2020/10/20,f,125,2,120
17589999,2020/10/20,f,150,2,1125
17590487,2020/10/23,f,89,2,14
17478756,2020/10/24,f,150,1,3
17029783,2020/10/19,f,210,1,1125
17591047,2020/10/19,f,75,1,10
17592822,2020/10/21,f,199,,
17479917,2020/10/19,f,149,1,1125
17592920,2020/10/19,f,75,2,1125
17031093,2020/10/20,f,350,3,1125
17480332,2020/10/19,f,95,1,12
17593269,2020/10/24,f,750,2,1125
17037869,2020/10/22,f,23,29,1125
17593391,2020/10/19,f,149,2,1125
17597425,2020/10/24,f,96,2,1125
17480569,2020/10/21,f,128,1,1125
17481150,2020/10/22,f,84,30,250
17482375,2020/10/19,f,99,4,1125
17482394,2020/10/23,f,190,2,7
17604822,2020/10/22,t,300,,
17039241,2020/10/20,f,65,2,1125
17483296,2020/10/19,f,225,2,1125
17606728,2020/10/19,f,100,1,5
17607019,2020/10/24,f,65,1,3
17492388,2020/10/19,f,129,2,1125
17607193,2020/10/23,f,10000,1,1125
17492454,2020/10/19,f,275,1,1125
17042876,2020/10/24,f,64,2,1125
17607509,2020/10/21,t,150,2,7
17608389,2020/10/21,f,300,,
17492878,2020/10/19,f,500,2,6
17492944,2020/10/22,t,275,2,10
17609022,2020/10/20,t,150,1,1125
17493744,2020/10/22,f,150,2,5
17609889,2020/10/19,f,810,2,1125
17046910,2020/10/22,f,150,30,1125
17611669,2020/10/19,f,60,1,7
17073883,2020/10/20,f,189,2,1125
17621368,2020/10/24,f,449,1,1125
17495335,2020/10/22,f,89,3,1125
17073922,2020/10/24,f,33,1,15
17498259,2020/10/23,f,350,3,1125
17622724,2020/10/22,f,240,3,1125
17498739,2020/10/19,f,80,1,6
17074156,2020/10/20,f,135,30,240
17500220,2020/10/20,f,250,30,365
17624763,2020/10/19,f,120,3,1125
17625053,2020/10/24,f,200,1,7
17625142,2020/10/22,f,75,2,1125
17500235,2020/10/23,f,55,2,7
17074271,2020/10/22,f,90,1,1125
17506283,2020/10/24,f,110,2,1125
17625534,2020/10/24,f,75,2,30
17506366,2020/10/22,f,700,3,7
17076362,2020/10/19,f,68,1,1125
17625703,2020/10/24,f,200,2,4
17510305,2020/10/24,f,150,2,1125
17626075,2020/10/19,f,375,3,4
17511653,2020/10/22,f,109,2,1125
17079610,2020/10/20,t,304,2,1125
17626279,2020/10/24,f,400,1,5
17513808,2020/10/22,f,150,1,10
17626492,2020/10/22,f,75,1,3
17792048,2020/10/22,f,76,,
17632571,2020/10/22,t,72,2,1125
17095852,2020/10/20,f,250,5,50
17793570,2020/10/22,f,35,2,30
17632765,2020/10/22,t,325,2,5
17794919,2020/10/21,f,114,2,60
17634330,2020/10/19,f,88,1,5
17098367,2020/10/20,f,1000,1,1125
17803804,2020/10/19,f,75,3,4
17634857,2020/10/20,f,1000,2,5
17805832,2020/10/22,f,100,20,80
17103933,2020/10/20,f,60,1,14
17641963,2020/10/19,f,120,1,1125
17810347,2020/10/19,f,75,1,7
17642403,2020/10/20,f,59,30,1125
17105678,2020/10/20,f,740,13,1125
17831953,2020/10/19,f,75,1,2
17642440,2020/10/19,f,300,2,2
17841264,2020/10/19,f,50,1,1125
17648807,2020/10/20,f,105,30,1125
17105686,2020/10/19,f,85,2,25
17841868,2020/10/19,f,179,3,1125
17650728,2020/10/22,f,41,1,1125
17858468,2020/10/20,f,80,30,1125
17651051,2020/10/22,f,99,2,1125
17652332,2020/10/22,f,100,30,1125
17876485,2020/10/22,f,28,1,1
17108048,2020/10/19,f,500,4,14
17652988,2020/10/22,f,600,5,7
17108114,2020/10/24,f,125,1,1125
17895096,2020/10/24,f,97,1,1125
17657432,2020/10/21,f,140,2,1125
17902554,2020/10/20,f,48,2,1125
17662778,2020/10/19,f,150,1,1125
17905837,2020/10/24,f,175,2,1125
17109484,2020/10/21,f,150,2,21
17907547,2020/10/20,f,49,2,31
17664041,2020/10/19,f,350,3,1125
17909373,2020/10/19,f,275,3,1125
17121196,2020/10/21,f,450,90,99
17665178,2020/10/20,f,79,1,10
17911855,2020/10/20,f,95,30,365
17121999,2020/10/19,f,77,1,7
17912468,2020/10/20,f,300,30,1125
17678915,2020/10/21,f,27,3,15
17682020,2020/10/19,f,145,2,7
17682782,2020/10/20,f,200,1,7
17123449,2020/10/20,f,900,2,6
17927374,2020/10/20,f,83,2,1125
17683608,2020/10/21,f,150,2,1125
17684743,2020/10/19,f,70,1,1125
17928222,2020/10/19,f,45,3,90
17686242,2020/10/24,f,39,2,100
17125311,2020/10/21,f,30,2,45
17125858,2020/10/19,f,45,1,10
17130373,2020/10/22,f,32,,
17977048,2020/10/20,t,125,1,1125
17688918,2020/10/19,f,29,1,6
